File Name,Cores Number,Sparse Matrix,Dense Vector,Serial Algo Execution time,Setup time,Row-wise Average Communication Time,Row-wise Average Computation Time,Row-wise Execution time,Row-wise Result,Column-wise Average Communication Time,Column-wise Average Computation Time,Column-wise Execution time,Column-wise Result,Non-zero elements Average Communication Time,Non-zero elements Average Computation Time,Non-zero Elements Execution time,Non-zero Elements Result,PETSc Setup time,PETSc Execution time,PETSc Conversion time,PETSc Result
cop20k_A_mtx_k12_cores10_chunks1_cpus10,10,121192x121192,121192x12,0.702032,0.133013,0.0682914,0.0563005,0.206108,same,0.0182512,0.098319,0.297111,same,0.0163875,0.0755742,0.164285,same,2.62969,0.155824,1.24677,same
cop20k_A_mtx_k12_cores10_chunks2_cpus5,10,121192x121192,121192x12,0.703836,0.133278,0.0623853,0.0556125,0.193061,same,0.0163975,0.0982454,0.291008,same,0.0165555,0.0751295,0.162549,same,2.61496,0.158006,1.23883,same
cop20k_A_mtx_k12_cores10_chunks5_cpus2,10,121192x121192,121192x12,0.70345,0.131071,0.0626015,0.0558985,0.193465,same,0.0179651,0.0983635,0.293981,same,0.0162807,0.0753543,0.163999,same,2.61394,0.155911,1.27281,same
cop20k_A_mtx_k12_cores11_chunks1_cpus11,11,121192x121192,121192x12,0.728165,0.181345,0.0636769,0.052324,0.199714,same,0.0132045,0.0944898,0.236384,same,0.0167576,0.073115,0.164042,same,2.88029,0.145048,1.32779,same
cop20k_A_mtx_k12_cores12_chunks1_cpus12,12,121192x121192,121192x12,0.726823,0.1357,0.0565185,0.0492577,0.184643,same,0.00770713,0.0911438,0.187653,same,0.0165998,0.0715243,0.163094,same,2.69453,0.137904,1.28462,same
cop20k_A_mtx_k12_cores12_chunks2_cpus6,12,121192x121192,121192x12,0.731611,0.138338,0.05739,0.0490664,0.188831,same,0.00707696,0.0911546,0.185846,same,0.0167469,0.0712319,0.162903,same,2.68989,0.139638,1.32582,same
cop20k_A_mtx_k12_cores12_chunks3_cpus4,12,121192x121192,121192x12,0.733584,0.136844,0.0603986,0.0498394,0.19447,same,0.00730939,0.0910844,0.187662,same,0.0168235,0.0713794,0.163158,same,2.6812,0.134371,1.38286,same
cop20k_A_mtx_k12_cores12_chunks4_cpus3,12,121192x121192,121192x12,0.733212,0.141585,0.0582358,0.0491246,0.190811,same,0.00776748,0.0912663,0.187258,same,0.0167553,0.0713114,0.16185,same,2.70384,0.139191,1.42841,same
cop20k_A_mtx_k12_cores12_chunks6_cpus2,12,121192x121192,121192x12,0.727331,0.138074,0.0599823,0.0505012,0.192557,same,0.00986983,0.0935787,0.196095,same,0.0166866,0.0736165,0.167632,same,2.71024,0.136802,1.39088,same
cop20k_A_mtx_k12_cores13_chunks1_cpus13,13,121192x121192,121192x12,0.761831,0.182145,0.0575018,0.0468238,0.191827,same,0.0660843,0.0612018,0.884788,same,0.0168342,0.0717525,0.166189,same,2.76148,0.129791,1.34621,same
cop20k_A_mtx_k12_cores14_chunks1_cpus14,14,121192x121192,121192x12,0.760073,0.144371,0.0513293,0.0445445,0.177115,same,0.0638711,0.0586323,0.911435,same,0.0195302,0.0713696,0.16419,same,2.72271,0.12464,1.34278,same
cop20k_A_mtx_k12_cores14_chunks2_cpus7,14,121192x121192,121192x12,0.762694,0.148575,0.0540223,0.0452399,0.191189,same,0.0650057,0.0600702,0.94011,same,0.0187485,0.0713657,0.172396,same,2.76945,0.123111,1.38261,same
cop20k_A_mtx_k12_cores15_chunks1_cpus15,15,121192x121192,121192x12,0.780564,0.147447,0.0485038,0.0435776,0.176255,same,0.0636446,0.0581888,0.973321,same,0.0196088,0.0731463,0.17244,same,2.75815,0.121081,1.42805,same
cop20k_A_mtx_k12_cores15_chunks3_cpus5,15,121192x121192,121192x12,0.780587,0.147298,0.0493479,0.0432548,0.176424,same,0.0631503,0.0579235,0.962779,same,0.0206067,0.0701076,0.168571,same,2.75172,0.118433,1.52824,same
cop20k_A_mtx_k12_cores15_chunks5_cpus3,15,121192x121192,121192x12,0.783257,0.149687,0.0514181,0.0435777,0.186808,same,0.0636046,0.0583874,0.971821,same,0.0200965,0.0717664,0.169895,same,2.78628,0.121229,1.40148,same
cop20k_A_mtx_k12_cores16_chunks1_cpus16,16,121192x121192,121192x12,0.787006,0.149997,0.0486225,0.0411135,0.177622,same,0.0582784,0.0529587,0.942027,same,0.0198453,0.0690935,0.165178,same,2.71645,0.111122,1.42387,same
cop20k_A_mtx_k12_cores16_chunks2_cpus8,16,121192x121192,121192x12,0.78106,0.146656,0.04622,0.0411128,0.171286,same,0.0598981,0.0544303,0.971169,same,0.0204644,0.0702481,0.169568,same,2.73239,0.113434,1.53098,same
cop20k_A_mtx_k12_cores16_chunks4_cpus4,16,121192x121192,121192x12,0.785746,0.151337,0.0491673,0.0411525,0.180543,same,0.0593969,0.0540507,0.959991,same,0.0197895,0.0700954,0.165237,same,2.72623,0.111567,1.4227,same
cop20k_A_mtx_k12_cores18_chunks2_cpus9,18,121192x121192,121192x12,0.69681,0.156884,0.0379537,0.0315284,0.148003,same,0.0461119,0.0415082,0.835589,same,0.0250241,0.05809,0.151962,same,2.41222,0.0919859,1.28779,same
cop20k_A_mtx_k12_cores18_chunks3_cpus6,18,121192x121192,121192x12,0.706388,0.152154,0.0394264,0.0316604,0.15059,same,0.0468143,0.0421109,0.847438,same,0.0245875,0.0579725,0.149557,same,2.41339,0.0957382,1.24315,same
cop20k_A_mtx_k12_cores18_chunks6_cpus3,18,121192x121192,121192x12,0.702586,0.152331,0.0386871,0.031602,0.14573,same,0.0488135,0.0422454,0.848533,same,0.0251729,0.0579805,0.153746,same,2.40072,0.0920504,1.24043,same
cop20k_A_mtx_k12_cores20_chunks2_cpus10,20,121192x121192,121192x12,0.701148,0.156898,0.0352054,0.0293498,0.140384,same,0.0440116,0.0391959,0.874351,same,0.0279076,0.0559178,0.149326,same,2.34414,0.0860127,1.30898,same
cop20k_A_mtx_k12_cores20_chunks4_cpus5,20,121192x121192,121192x12,0.703183,0.155603,0.0349847,0.0293055,0.143472,same,0.0462594,0.0395805,0.880145,same,0.0281689,0.0558981,0.148408,same,2.36108,0.0850114,1.34288,same
cop20k_A_mtx_k12_cores20_chunks5_cpus4,20,121192x121192,121192x12,0.701983,0.156929,0.034408,0.0294002,0.138954,same,0.0432512,0.0384166,0.858232,same,0.0260791,0.0560384,0.14832,same,2.34911,0.085199,1.23757,same
cop20k_A_mtx_k12_cores22_chunks2_cpus11,22,121192x121192,121192x12,0.72685,0.142619,0.0341276,0.0276312,0.149117,same,0.0409899,0.0359849,0.880611,same,0.022808,0.0557934,0.149648,same,2.36842,0.0781058,1.34725,same
cop20k_A_mtx_k12_cores24_chunks2_cpus12,24,121192x121192,121192x12,0.725215,0.150207,0.0364142,0.026293,0.1479,same,0.0382917,0.0334142,0.891447,same,0.0292976,0.0551821,0.149296,same,2.35119,0.0750596,1.33071,same
cop20k_A_mtx_k12_cores24_chunks3_cpus8,24,121192x121192,121192x12,0.77433,0.152527,0.0390764,0.0275336,0.154523,same,0.0412746,0.0361114,0.962475,same,0.0282093,0.0581215,0.159122,same,2.40357,0.0755461,1.30089,same
cop20k_A_mtx_k12_cores24_chunks4_cpus6,24,121192x121192,121192x12,0.724663,0.150311,0.0375184,0.0265101,0.148559,same,0.0379326,0.0329725,0.880709,same,0.0299711,0.054991,0.149709,same,2.40639,0.0754811,1.2936,same
cop20k_A_mtx_k12_cores24_chunks6_cpus4,24,121192x121192,121192x12,0.72718,0.144709,0.0367082,0.0264668,0.146684,same,0.038388,0.0334023,0.890636,same,0.0249342,0.0555294,0.147061,same,2.35571,0.0744672,1.29262,same
cop20k_A_mtx_k12_cores25_chunks5_cpus5,25,121192x121192,121192x12,0.754906,0.154087,0.0367372,0.0258205,0.150959,same,0.0374726,0.0321893,0.898791,same,0.0316617,0.0548902,0.159275,same,2.50022,0.0731329,1.38273,same
cop20k_A_mtx_k12_cores26_chunks2_cpus13,26,121192x121192,121192x12,0.754434,0.151024,0.0370533,0.0251564,0.15268,same,0.0359829,0.0309633,0.898015,same,0.0230852,0.0566094,0.154237,same,2.41858,0.0713422,1.34181,same
cop20k_A_mtx_k12_cores27_chunks3_cpus9,27,121192x121192,121192x12,0.699352,0.153755,0.0274762,0.0220297,0.128159,same,0.0332138,0.0284297,0.859213,same,0.0214404,0.0513553,0.144597,same,2.22099,0.0654743,1.25164,same
cop20k_A_mtx_k12_cores28_chunks2_cpus14,28,121192x121192,121192x12,0.756194,0.152804,0.033647,0.0242896,0.147288,same,0.0343952,0.0292383,0.912671,same,0.0292562,0.0565754,0.153236,same,2.41468,0.0678229,1.39582,same
cop20k_A_mtx_k12_cores2_chunks1_cpus2,2,121192x121192,121192x12,0.616965,0.111387,0.0142033,0.223969,0.310023,same,0.014955,0.34709,0.434959,same,0.0302194,0.190588,0.267824,same,3.35737,0.562292,1.0514,same
cop20k_A_mtx_k12_cores30_chunks2_cpus15,30,121192x121192,121192x12,0.784221,0.155001,0.0312754,0.0234057,0.145512,same,0.0337806,0.0284945,0.95235,same,0.0301227,0.0555822,0.158838,same,2.46454,0.0644769,1.49853,same
cop20k_A_mtx_k12_cores30_chunks3_cpus10,30,121192x121192,121192x12,0.700608,0.15825,0.0242105,0.0204312,0.124164,same,0.0330156,0.0260738,0.870476,same,0.02553,0.0499675,0.141051,same,2.21011,0.0572388,1.25258,same
cop20k_A_mtx_k12_cores30_chunks5_cpus6,30,121192x121192,121192x12,0.742499,0.166692,0.0332366,0.0210536,0.141585,same,0.0307773,0.0257292,0.865814,same,0.0254302,0.0510887,0.147555,same,2.31103,0.0617524,1.3677,same
cop20k_A_mtx_k12_cores30_chunks6_cpus5,30,121192x121192,121192x12,0.781972,0.155328,0.0316536,0.0235734,0.145704,same,0.0345821,0.0292359,0.974689,same,0.0326927,0.0560897,0.159099,same,2.4722,0.0656514,1.39629,same
cop20k_A_mtx_k12_cores32_chunks2_cpus16,32,121192x121192,121192x12,0.780691,0.153366,0.0262704,0.0224178,0.137179,same,0.0320235,0.0267079,0.955904,same,0.0280385,0.0560077,0.154508,same,2.44315,0.0623107,1.53486,same
cop20k_A_mtx_k12_cores32_chunks4_cpus8,32,121192x121192,121192x12,0.785373,0.312414,0.0299178,0.0225579,0.141195,same,0.0322669,0.026864,0.957817,same,0.0316668,0.0555366,0.162606,same,2.44637,0.0621307,1.42486,same
cop20k_A_mtx_k12_cores33_chunks3_cpus11,33,121192x121192,121192x12,0.725945,0.171307,0.0236512,0.0198533,0.131136,same,0.0285828,0.0236414,0.872106,same,0.0279128,0.0502281,0.145599,same,2.27771,0.0531219,1.318,same
cop20k_A_mtx_k12_cores36_chunks3_cpus12,36,121192x121192,121192x12,0.726242,0.17708,0.0213437,0.0191867,0.128234,same,0.0272723,0.0220467,0.886074,same,0.0296296,0.0496046,0.145864,same,2.25137,0.0514452,1.33372,same
cop20k_A_mtx_k12_cores36_chunks4_cpus9,36,121192x121192,121192x12,0.702203,0.155461,0.0215354,0.0171097,0.117943,same,0.0260698,0.0211393,0.855126,same,0.0245893,0.048255,0.138772,same,2.16033,0.0482706,1.28676,same
cop20k_A_mtx_k12_cores36_chunks6_cpus6,36,121192x121192,121192x12,0.724851,0.175259,0.0221637,0.018685,0.128659,same,0.0276051,0.0224621,0.901196,same,0.0278833,0.0499924,0.144277,same,2.25898,0.0525117,1.3474,same
cop20k_A_mtx_k12_cores39_chunks3_cpus13,39,121192x121192,121192x12,0.757505,0.176871,0.0283052,0.0178768,0.137569,same,0.0254368,0.0202849,0.891332,same,0.0246557,0.0506373,0.147601,same,2.32322,0.0497794,1.37155,same
cop20k_A_mtx_k12_cores3_chunks1_cpus3,3,121192x121192,121192x12,0.6168,0.113867,0.0239046,0.154376,0.246113,same,0.0182453,0.25433,0.341345,same,0.0224106,0.144887,0.234802,same,2.92125,0.381625,1.06894,same
cop20k_A_mtx_k12_cores40_chunks4_cpus10,40,121192x121192,121192x12,0.699774,0.159637,0.0196977,0.015982,0.116438,same,0.0248954,0.0195812,0.879224,same,0.0208151,0.0482728,0.139115,same,2.14753,0.0492785,1.24966,same
cop20k_A_mtx_k12_cores42_chunks3_cpus14,42,121192x121192,121192x12,0.755305,0.182851,0.026166,0.0171756,0.132888,same,0.0253343,0.0201306,0.9451,same,0.032103,0.0493303,0.150635,same,2.3127,0.0487599,1.40397,same
cop20k_A_mtx_k12_cores42_chunks6_cpus7,42,121192x121192,121192x12,0.753683,0.186743,0.0203816,0.0170742,0.123666,same,0.0247843,0.019469,0.920158,same,0.0302659,0.0493127,0.147864,same,2.30274,0.0473211,1.39511,same
cop20k_A_mtx_k12_cores44_chunks4_cpus11,44,121192x121192,121192x12,0.727644,0.173152,0.0246142,0.0161093,0.123555,same,0.0229606,0.0179418,0.885614,same,0.0220988,0.0468158,0.140419,same,2.21897,0.0421658,1.298,same
cop20k_A_mtx_k12_cores45_chunks3_cpus15,45,121192x121192,121192x12,0.783262,0.202595,0.0229713,0.0168501,0.131017,same,0.0247458,0.0194027,0.975288,same,0.0330301,0.0510669,0.155568,same,2.36643,0.0461696,1.45277,same
cop20k_A_mtx_k12_cores45_chunks5_cpus9,45,121192x121192,121192x12,0.700029,0.258448,0.018548,0.0144887,0.118055,same,0.0247798,0.0176201,0.885116,same,0.0377436,0.0462396,0.139596,same,2.13179,0.0417567,1.40775,same
cop20k_A_mtx_k12_cores48_chunks3_cpus16,48,121192x121192,121192x12,0.78233,0.195815,0.023497,0.0161855,0.131667,same,0.0231577,0.0178083,0.958438,same,0.0323644,0.0494745,0.154077,same,2.35398,0.0450375,1.45337,same
cop20k_A_mtx_k12_cores48_chunks4_cpus12,48,121192x121192,121192x12,0.730626,0.177786,0.0228967,0.0152962,0.121686,same,0.0215018,0.016484,0.888079,same,0.0285411,0.0464342,0.147147,same,2.20552,0.0410979,1.29681,same
cop20k_A_mtx_k12_cores48_chunks6_cpus8,48,121192x121192,121192x12,0.783922,0.201759,0.0225988,0.0161786,0.12973,same,0.0235018,0.0181694,0.97605,same,0.0252825,0.0498803,0.146188,same,2.34562,0.0454314,1.48596,same
cop20k_A_mtx_k12_cores4_chunks1_cpus4,4,121192x121192,121192x12,0.613016,0.114425,0.0578547,0.11488,0.240029,same,0.00418548,0.196256,0.269151,same,0.0195005,0.116364,0.200423,same,2.70695,0.307118,1.1012,same
cop20k_A_mtx_k12_cores4_chunks2_cpus2,4,121192x121192,121192x12,0.616529,0.113608,0.0585525,0.115325,0.241403,same,0.00419632,0.197596,0.269797,same,0.0194412,0.11713,0.202332,same,2.70924,0.30227,1.07922,same
cop20k_A_mtx_k12_cores50_chunks5_cpus10,50,121192x121192,121192x12,0.700525,0.273035,0.0211939,0.0140772,0.119378,same,0.0208208,0.0158832,0.887454,same,0.0387588,0.0453348,0.141976,same,2.11716,0.0386582,1.26625,same
cop20k_A_mtx_k12_cores52_chunks4_cpus13,52,121192x121192,121192x12,0.756405,0.177806,0.0227554,0.0141908,0.123121,same,0.0209598,0.015649,0.915653,same,0.0298595,0.046498,0.145668,same,2.30158,0.0390475,1.38779,same
cop20k_A_mtx_k12_cores54_chunks6_cpus9,54,121192x121192,121192x12,0.701076,0.218989,0.0162885,0.0124475,0.111667,same,0.0214498,0.0144511,0.874874,same,0.0190404,0.0448638,0.135077,same,2.08704,0.0359922,1.30097,same
cop20k_A_mtx_k12_cores55_chunks5_cpus11,55,121192x121192,121192x12,0.728256,0.288022,0.022086,0.0129103,0.120634,same,0.0192868,0.0141966,0.879524,same,0.0431559,0.0447475,0.146557,same,2.17642,0.035224,1.37268,same
cop20k_A_mtx_k12_cores56_chunks4_cpus14,56,121192x121192,121192x12,0.76866,0.19282,0.0202371,0.0137915,0.127573,same,0.0201068,0.0148656,0.935736,same,0.0268275,0.0473002,0.143352,same,2.2407,0.0368388,1.35111,same
cop20k_A_mtx_k12_cores5_chunks1_cpus5,5,121192x121192,121192x12,0.656709,0.122329,0.0891976,0.0966557,0.256845,same,0.0253342,0.16554,0.318517,same,0.0188505,0.103524,0.192495,same,2.74737,0.269459,1.23549,same
cop20k_A_mtx_k12_cores60_chunks4_cpus15,60,121192x121192,121192x12,0.784442,0.195297,0.0191591,0.0134749,0.125732,same,0.0198076,0.0144002,0.972311,same,0.0251775,0.0474717,0.145725,same,2.32072,0.0356679,1.39632,same
cop20k_A_mtx_k12_cores60_chunks5_cpus12,60,121192x121192,121192x12,0.732389,0.284563,0.0208163,0.0122873,0.120304,same,0.0183512,0.0132014,0.893385,same,0.0476856,0.0439176,0.149828,same,2.158,0.0356209,1.3219,same
cop20k_A_mtx_k12_cores60_chunks6_cpus10,60,121192x121192,121192x12,0.700583,0.223352,0.0143081,0.0118028,0.106845,same,0.020095,0.0129201,0.873668,same,0.0217491,0.0448911,0.137879,same,2.07283,0.0329222,1.24685,same
cop20k_A_mtx_k12_cores64_chunks4_cpus16,64,121192x121192,121192x12,0.784662,0.345146,0.0198411,0.0129553,0.125959,same,0.0185789,0.0131894,0.960251,same,0.10359,0.0488638,0.255157,same,2.30884,0.0346698,1.44887,same
cop20k_A_mtx_k12_cores65_chunks5_cpus13,65,121192x121192,121192x12,0.770301,0.378928,0.0206478,0.0118733,0.120606,same,0.017831,0.0124126,0.912234,same,0.0553698,0.0446883,0.159073,same,2.22987,0.0350569,1.38919,same
cop20k_A_mtx_k12_cores66_chunks6_cpus11,66,121192x121192,121192x12,0.725173,0.333828,0.0215413,0.0110699,0.11764,same,0.0170227,0.0118911,0.88823,same,0.0302018,0.0429774,0.135076,same,2.13498,0.0325003,1.32924,same
cop20k_A_mtx_k12_cores6_chunks1_cpus6,6,121192x121192,121192x12,0.659842,0.121574,0.0968573,0.0847237,0.256209,same,0.00548505,0.150727,0.229959,same,0.0175173,0.0950654,0.176433,same,2.64891,0.236473,1.1408,same
cop20k_A_mtx_k12_cores6_chunks2_cpus3,6,121192x121192,121192x12,0.654977,0.120801,0.091412,0.0834167,0.245116,same,0.00518095,0.149543,0.228646,same,0.01751,0.0951836,0.17659,same,2.64697,0.234748,1.18973,same
cop20k_A_mtx_k12_cores6_chunks3_cpus2,6,121192x121192,121192x12,0.655267,0.122218,0.0966686,0.0839766,0.256121,same,0.00462499,0.150004,0.229871,same,0.0173848,0.0947368,0.175844,same,2.66519,0.233711,1.15996,same
cop20k_A_mtx_k12_cores70_chunks5_cpus14,70,121192x121192,121192x12,0.760157,0.383544,0.0199242,0.0115132,0.120786,same,0.0170558,0.0118401,0.935903,same,0.0599629,0.0450651,0.1641,same,2.22321,0.0314203,1.41989,same
cop20k_A_mtx_k12_cores72_chunks6_cpus12,72,121192x121192,121192x12,0.731102,0.395078,0.0184514,0.0106796,0.113265,same,0.0162912,0.0112077,0.91137,same,0.0234953,0.043111,0.134246,same,2.13958,0.0293773,1.34766,same
cop20k_A_mtx_k12_cores75_chunks5_cpus15,75,121192x121192,121192x12,0.785705,0.468227,0.0192326,0.011536,0.12001,same,0.0166897,0.0113121,0.961068,same,0.0653506,0.0463315,0.173059,same,2.35038,0.0333025,1.43299,same
cop20k_A_mtx_k12_cores78_chunks6_cpus13,78,121192x121192,121192x12,0.76138,0.366034,0.0185879,0.0103593,0.114124,same,0.0156511,0.0103283,0.915608,same,0.0231431,0.0440481,0.13853,same,2.23055,0.0304463,1.39053,same
cop20k_A_mtx_k12_cores7_chunks1_cpus7,7,121192x121192,121192x12,0.679547,0.126711,0.0807713,0.0768961,0.231195,same,0.0487706,0.122062,0.460801,same,0.0170561,0.0882245,0.174658,same,2.62421,0.208056,1.26131,same
cop20k_A_mtx_k12_cores80_chunks5_cpus16,80,121192x121192,121192x12,0.785605,0.424948,0.0180775,0.0111122,0.120331,same,0.0160873,0.0107075,0.975208,same,0.0668475,0.0457886,0.17422,same,2.33436,0.0341912,1.48713,same
cop20k_A_mtx_k12_cores84_chunks6_cpus14,84,121192x121192,121192x12,0.760273,0.397009,0.0179993,0.0102045,0.11563,same,0.0150145,0.00972209,0.928871,same,0.0252834,0.043872,0.138312,same,2.21925,0.0275427,1.4843,same
cop20k_A_mtx_k12_cores8_chunks1_cpus8,8,121192x121192,121192x12,0.679184,0.125412,0.0721813,0.0671389,0.212781,same,0.0343355,0.111285,0.40236,same,0.0171212,0.0828415,0.167107,same,2.54159,0.187864,1.19095,same
cop20k_A_mtx_k12_cores8_chunks2_cpus4,8,121192x121192,121192x12,0.683695,0.125491,0.0763905,0.0688272,0.223949,same,0.0365013,0.111795,0.410552,same,0.017015,0.0828814,0.167356,same,2.54414,0.184538,1.23455,same
cop20k_A_mtx_k12_cores8_chunks4_cpus2,8,121192x121192,121192x12,0.682472,0.132409,0.0782364,0.0686934,0.226194,same,0.0363084,0.111301,0.406692,same,0.0170791,0.0825021,0.167326,same,2.57832,0.184085,1.19494,same
cop20k_A_mtx_k12_cores90_chunks6_cpus15,90,121192x121192,121192x12,0.785011,0.462275,0.0183266,0.0101239,0.121255,same,0.0150479,0.00961811,0.982698,same,0.0270809,0.045455,0.14617,same,2.29599,0.0267098,1.41422,same
cop20k_A_mtx_k12_cores96_chunks6_cpus16,96,121192x121192,121192x12,0.785452,0.437954,0.0177826,0.00986247,0.1207,same,0.0142924,0.0088061,0.964401,same,0.0292246,0.0450568,0.142273,same,2.27306,0.0241908,1.44417,same
cop20k_A_mtx_k12_cores9_chunks1_cpus9,9,121192x121192,121192x12,0.700553,0.133478,0.0739807,0.0609635,0.214567,same,0.0267319,0.103277,0.345952,same,0.0163874,0.0783817,0.167573,same,2.5892,0.166129,1.23114,same
cop20k_A_mtx_k12_cores9_chunks3_cpus3,9,121192x121192,121192x12,0.704193,0.133544,0.0733157,0.0612315,0.213339,same,0.0273203,0.103348,0.344988,same,0.0167737,0.0783642,0.167966,same,2.61633,0.171212,1.37894,same
cop20k_A_mtx_k1_cores10_chunks1_cpus10,10,121192x121192,121192x1,0.102773,0.0946788,0.00980545,0.00962437,0.0746171,same,0.00628943,0.00569558,0.114223,same,0.00413735,0.0400548,0.10438,same,2.00057,0.0215695,0.13751,same
cop20k_A_mtx_k1_cores10_chunks2_cpus5,10,121192x121192,121192x1,0.105079,0.0944368,0.009783,0.00967064,0.0745829,same,0.00622381,0.00562581,0.113798,same,0.0040454,0.0402572,0.104776,same,1.99829,0.0205666,0.138155,same
cop20k_A_mtx_k1_cores10_chunks5_cpus2,10,121192x121192,121192x1,0.101506,0.0945441,0.0101775,0.00981134,0.075626,same,0.00626867,0.00565509,0.113836,same,0.00416462,0.0403063,0.104604,same,1.99075,0.0227522,0.137301,same
cop20k_A_mtx_k1_cores11_chunks1_cpus11,11,121192x121192,121192x1,0.104976,0.101333,0.00932755,0.00899148,0.0769879,same,0.00561336,0.00508612,0.116895,same,0.0039772,0.0400709,0.108512,same,2.10441,0.0174156,0.146074,same
cop20k_A_mtx_k1_cores12_chunks1_cpus12,12,121192x121192,121192x1,0.105163,0.0981906,0.00887418,0.00875188,0.0749696,same,0.00543545,0.00489323,0.119336,same,0.00411903,0.0403133,0.10731,same,2.07669,0.0196403,0.142603,same
cop20k_A_mtx_k1_cores12_chunks2_cpus6,12,121192x121192,121192x1,0.104901,0.0988024,0.00846922,0.00871005,0.0743675,same,0.00540554,0.00484826,0.118323,same,0.00399873,0.0408056,0.107963,same,2.07343,0.0188232,0.143722,same
cop20k_A_mtx_k1_cores12_chunks3_cpus4,12,121192x121192,121192x1,0.106079,0.0984432,0.0088696,0.00870802,0.0754435,same,0.00533996,0.00480089,0.118269,same,0.00420124,0.0402234,0.107114,same,2.06528,0.0189906,0.143677,same
cop20k_A_mtx_k1_cores12_chunks4_cpus3,12,121192x121192,121192x1,0.110779,0.0981754,0.00844919,0.00862026,0.0751307,same,0.00542726,0.00489165,0.119513,same,0.00400508,0.0403616,0.107882,same,2.08228,0.0188384,0.151745,same
cop20k_A_mtx_k1_cores12_chunks6_cpus2,12,121192x121192,121192x1,0.103565,0.0982334,0.00860702,0.00861624,0.0746844,same,0.00536757,0.00484902,0.118009,same,0.00419966,0.040097,0.106134,same,2.06382,0.0204302,0.142978,same
cop20k_A_mtx_k1_cores13_chunks1_cpus13,13,121192x121192,121192x1,0.108474,0.10291,0.00873965,0.00829822,0.0769923,same,0.00502745,0.00450183,0.121541,same,0.00394097,0.0403975,0.110376,same,2.10277,0.0188868,0.148742,same
cop20k_A_mtx_k1_cores14_chunks1_cpus14,14,121192x121192,121192x1,0.115641,0.106176,0.00828224,0.00828126,0.0789453,same,0.00497269,0.00442195,0.125229,same,0.00408351,0.0409837,0.110486,same,2.07043,0.0183834,0.149053,same
cop20k_A_mtx_k1_cores14_chunks2_cpus7,14,121192x121192,121192x1,0.109628,0.102865,0.00785462,0.00794234,0.0756021,same,0.004793,0.00424134,0.123396,same,0.00380977,0.0405917,0.109715,same,2.07992,0.018586,0.150979,same
cop20k_A_mtx_k1_cores15_chunks1_cpus15,15,121192x121192,121192x1,0.112859,0.106843,0.00792184,0.00779157,0.0778406,same,0.00481785,0.00421096,0.129363,same,0.00364095,0.041727,0.11351,same,2.11959,0.0179519,0.16235,same
cop20k_A_mtx_k1_cores15_chunks3_cpus5,15,121192x121192,121192x1,0.112526,0.106993,0.00786573,0.00785785,0.0774295,same,0.00477332,0.00423925,0.129413,same,0.00363474,0.0418104,0.113258,same,2.09889,0.020134,0.155942,same
cop20k_A_mtx_k1_cores15_chunks5_cpus3,15,121192x121192,121192x1,0.112066,0.106859,0.00799644,0.00784121,0.0777334,same,0.00473317,0.00419101,0.129229,same,0.00366812,0.0419177,0.113671,same,2.10892,0.0186626,0.161169,same
cop20k_A_mtx_k1_cores16_chunks1_cpus16,16,121192x121192,121192x1,0.112801,0.108796,0.00767768,0.00739108,0.0768333,same,0.00445375,0.00390784,0.128844,same,0.00485015,0.0427674,0.119789,same,2.07786,0.0166307,0.157748,same
cop20k_A_mtx_k1_cores16_chunks2_cpus8,16,121192x121192,121192x1,0.112894,0.106101,0.0071003,0.00735331,0.0761676,same,0.00444426,0.0038853,0.128443,same,0.00392222,0.0412569,0.11256,same,2.08093,0.0169933,0.151937,same
cop20k_A_mtx_k1_cores16_chunks4_cpus4,16,121192x121192,121192x1,0.111211,0.107434,0.00713276,0.00735891,0.0759864,same,0.00446702,0.00393105,0.129075,same,0.00398179,0.0412956,0.112914,same,2.1006,0.0176138,0.152518,same
cop20k_A_mtx_k1_cores18_chunks2_cpus9,18,121192x121192,121192x1,0.10439,0.114269,0.00627865,0.00599826,0.0676666,same,0.00360923,0.00298747,0.114049,same,0.00297162,0.0357339,0.0999048,same,1.82887,0.0164816,0.140225,same
cop20k_A_mtx_k1_cores18_chunks3_cpus6,18,121192x121192,121192x1,0.100807,0.111177,0.00608264,0.0059753,0.0672609,same,0.00361096,0.00302726,0.114543,same,0.00321236,0.0358846,0.100425,same,1.82662,0.01495,0.140213,same
cop20k_A_mtx_k1_cores18_chunks6_cpus3,18,121192x121192,121192x1,0.103697,0.111953,0.00639067,0.00603615,0.0678982,same,0.00356671,0.0030101,0.114618,same,0.00297399,0.0357473,0.102498,same,1.83015,0.0154633,0.144457,same
cop20k_A_mtx_k1_cores20_chunks2_cpus10,20,121192x121192,121192x1,0.102284,0.1132,0.00549569,0.00558936,0.0660367,same,0.0034306,0.00281894,0.117084,same,0.00286648,0.03578,0.0996139,same,1.78413,0.0144298,0.136396,same
cop20k_A_mtx_k1_cores20_chunks4_cpus5,20,121192x121192,121192x1,0.100859,0.114014,0.00539385,0.00566544,0.0674362,same,0.00342851,0.00282752,0.117258,same,0.00313049,0.0357806,0.0996478,same,1.78878,0.0146831,0.139017,same
cop20k_A_mtx_k1_cores20_chunks5_cpus4,20,121192x121192,121192x1,0.101488,0.113547,0.00569394,0.00568295,0.0668395,same,0.00337066,0.0028021,0.117363,same,0.0029397,0.0357192,0.0998434,same,1.7928,0.0147807,0.157598,same
cop20k_A_mtx_k1_cores22_chunks2_cpus11,22,121192x121192,121192x1,0.107311,0.107345,0.00572357,0.00531134,0.0686877,same,0.00312937,0.00253479,0.120255,same,0.00311956,0.0361621,0.103478,same,1.80072,0.0151706,0.142357,same
cop20k_A_mtx_k1_cores24_chunks2_cpus12,24,121192x121192,121192x1,0.105177,0.104905,0.00530501,0.00514908,0.0678735,same,0.00296914,0.00241066,0.122082,same,0.00318781,0.0363133,0.102686,same,1.77146,0.0133396,0.14096,same
cop20k_A_mtx_k1_cores24_chunks3_cpus8,24,121192x121192,121192x1,0.104952,0.104715,0.0053042,0.00508393,0.0674533,same,0.00301194,0.00245446,0.122774,same,0.00316633,0.036459,0.104791,same,1.7684,0.0140508,0.142802,same
cop20k_A_mtx_k1_cores24_chunks4_cpus6,24,121192x121192,121192x1,0.103947,0.104445,0.00541155,0.00510985,0.0683848,same,0.00298118,0.00244931,0.122873,same,0.00306067,0.0362599,0.102811,same,1.77698,0.0140267,0.142341,same
cop20k_A_mtx_k1_cores24_chunks6_cpus4,24,121192x121192,121192x1,0.104734,0.106567,0.00522312,0.00511371,0.0686397,same,0.00294989,0.00240865,0.122014,same,0.00309437,0.0362144,0.10298,same,1.77304,0.0141674,0.149105,same
cop20k_A_mtx_k1_cores25_chunks5_cpus5,25,121192x121192,121192x1,0.10893,0.106635,0.00558894,0.00504472,0.0714009,same,0.00289853,0.0023217,0.125837,same,0.00388707,0.036469,0.108303,same,1.85033,0.0137676,0.15765,same
cop20k_A_mtx_k1_cores26_chunks2_cpus13,26,121192x121192,121192x1,0.108079,0.111041,0.00527792,0.00484339,0.0696092,same,0.00278747,0.00225162,0.12567,same,0.00294068,0.0365756,0.106297,same,1.81976,0.0118607,0.152087,same
cop20k_A_mtx_k1_cores27_chunks3_cpus9,27,121192x121192,121192x1,0.101021,0.11409,0.00485145,0.00445051,0.0644024,same,0.00257692,0.00201237,0.117258,same,0.00242083,0.034044,0.0983191,same,1.69113,0.0119545,0.142087,same
cop20k_A_mtx_k1_cores28_chunks2_cpus14,28,121192x121192,121192x1,0.108426,0.112181,0.00491842,0.00469583,0.0702656,same,0.00271271,0.00212914,0.127596,same,0.00318472,0.0370437,0.106938,same,1.82102,0.0127148,0.148259,same
cop20k_A_mtx_k1_cores28_chunks4_cpus7,28,121192x121192,121192x1,0.108271,0.109626,0.00472617,0.00470172,0.0685958,same,0.00268589,0.00214952,0.127795,same,0.00319604,0.0370409,0.105633,same,1.79272,0.0128358,0.147608,same
cop20k_A_mtx_k1_cores2_chunks1_cpus2,2,121192x121192,121192x1,0.0897173,0.0797214,0.00415528,0.0313923,0.0837807,same,0.0240628,0.0234756,0.0973682,same,0.0221203,0.0580229,0.11799,same,2.64581,0.0558274,0.125819,same
cop20k_A_mtx_k1_cores30_chunks2_cpus15,30,121192x121192,121192x1,0.112028,0.114237,0.0046605,0.00462704,0.0709583,same,0.00262402,0.00208872,0.1338,same,0.0042751,0.0387518,0.109629,same,1.83867,0.0123578,0.157329,same
cop20k_A_mtx_k1_cores30_chunks3_cpus10,30,121192x121192,121192x1,0.101773,0.115357,0.0040737,0.00418052,0.0635413,same,0.00245605,0.0019021,0.120654,same,0.00228785,0.0341195,0.0976506,same,1.70032,0.0137837,0.14843,same
cop20k_A_mtx_k1_cores30_chunks5_cpus6,30,121192x121192,121192x1,0.100791,0.115436,0.0041037,0.00422847,0.0632195,same,0.00244157,0.0018944,0.12008,same,0.00225976,0.0341523,0.0981058,same,1.6648,0.0585523,0.148982,same
cop20k_A_mtx_k1_cores30_chunks6_cpus5,30,121192x121192,121192x1,0.11182,0.12175,0.00471611,0.0046627,0.0710128,same,0.00263006,0.00208551,0.133663,same,0.00353415,0.0388456,0.113173,same,1.8398,0.0126795,0.160208,same
cop20k_A_mtx_k1_cores32_chunks2_cpus16,32,121192x121192,121192x1,0.112042,0.116907,0.00457478,0.00447183,0.070928,same,0.00247032,0.0019635,0.138614,same,0.00369743,0.0385612,0.113759,same,1.82778,0.0123647,0.157727,same
cop20k_A_mtx_k1_cores32_chunks4_cpus8,32,121192x121192,121192x1,0.111775,0.123971,0.00448002,0.00445563,0.0705302,same,0.00251814,0.00196861,0.134591,same,0.00504544,0.038466,0.109969,same,1.82412,0.0117562,0.152097,same
cop20k_A_mtx_k1_cores33_chunks3_cpus11,33,121192x121192,121192x1,0.104204,0.121237,0.00391645,0.00398879,0.0652842,same,0.00227735,0.00170111,0.122951,same,0.00235024,0.0345535,0.101112,same,1.69178,0.0113978,0.14225,same
cop20k_A_mtx_k1_cores36_chunks3_cpus12,36,121192x121192,121192x1,0.104558,0.128502,0.00356673,0.00382628,0.0646571,same,0.00214719,0.00162669,0.126519,same,0.00231001,0.0352148,0.101339,same,1.67791,0.0119257,0.143967,same
cop20k_A_mtx_k1_cores36_chunks4_cpus9,36,121192x121192,121192x1,0.101496,0.112192,0.00387538,0.00366217,0.0629539,same,0.00198713,0.00151607,0.119807,same,0.00199598,0.0330911,0.0971082,same,1.61496,0.0102244,0.144465,same
cop20k_A_mtx_k1_cores36_chunks6_cpus6,36,121192x121192,121192x1,0.104593,0.123718,0.00382374,0.00384483,0.0665818,same,0.00213065,0.00161584,0.125898,same,0.00237274,0.0349684,0.10111,same,1.67683,0.0116777,0.144367,same
cop20k_A_mtx_k1_cores39_chunks3_cpus13,39,121192x121192,121192x1,0.109136,0.149489,0.0037483,0.00369888,0.0670826,same,0.00198467,0.00148093,0.12888,same,0.00226757,0.0353554,0.105807,same,1.73799,0.0121201,0.152218,same
cop20k_A_mtx_k1_cores3_chunks1_cpus3,3,121192x121192,121192x1,0.0908412,0.0834696,0.00628931,0.022143,0.0769643,same,0.0165523,0.0158416,0.0972609,same,0.00784914,0.0493577,0.109083,same,2.3042,0.0416219,0.117417,same
cop20k_A_mtx_k1_cores40_chunks4_cpus10,40,121192x121192,121192x1,0.101259,0.115892,0.0032534,0.00347144,0.0621274,same,0.0019063,0.00140101,0.123912,same,0.00209991,0.0333531,0.0969176,same,1.59989,0.010917,0.145095,same
cop20k_A_mtx_k1_cores42_chunks3_cpus14,42,121192x121192,121192x1,0.108771,0.133742,0.0032398,0.00358774,0.0663964,same,0.00195775,0.00143311,0.132605,same,0.00334777,0.0359215,0.104959,same,1.72281,0.0119466,0.149086,same
cop20k_A_mtx_k1_cores42_chunks6_cpus7,42,121192x121192,121192x1,0.1134,0.134356,0.00343707,0.00360207,0.0666248,same,0.00197619,0.00144711,0.133152,same,0.00369924,0.0360279,0.104361,same,1.72119,0.0132171,0.162342,same
cop20k_A_mtx_k1_cores44_chunks4_cpus11,44,121192x121192,121192x1,0.105266,0.137921,0.00339569,0.00333512,0.064488,same,0.00184477,0.00136384,0.130363,same,0.00206866,0.0338789,0.100742,same,1.64042,0.0104903,0.15753,same
cop20k_A_mtx_k1_cores45_chunks3_cpus15,45,121192x121192,121192x1,0.112737,0.140877,0.00369961,0.00356255,0.0692287,same,0.00194443,0.00138974,0.138208,same,0.00371367,0.037577,0.108522,same,1.75869,0.012436,0.157464,same
cop20k_A_mtx_k1_cores45_chunks5_cpus9,45,121192x121192,121192x1,0.100864,0.129366,0.00299858,0.00323494,0.0617155,same,0.00165738,0.00120874,0.121108,same,0.00191543,0.0326817,0.0979014,same,1.57162,0.00984447,0.139439,same
cop20k_A_mtx_k1_cores48_chunks3_cpus16,48,121192x121192,121192x1,0.112281,0.141735,0.00338354,0.00343134,0.0685407,same,0.00179744,0.0012917,0.140955,same,0.00399861,0.0372128,0.108261,same,1.73282,0.0118468,0.160944,same
cop20k_A_mtx_k1_cores48_chunks4_cpus12,48,121192x121192,121192x1,0.105198,0.125532,0.00290026,0.00320143,0.063369,same,0.00174071,0.00121424,0.129596,same,0.00235132,0.0343261,0.100633,same,1.61108,0.0105195,0.155356,same
cop20k_A_mtx_k1_cores48_chunks6_cpus8,48,121192x121192,121192x1,0.112089,0.141978,0.00337572,0.00356422,0.0686629,same,0.00180345,0.00130542,0.139224,same,0.00325123,0.0371286,0.108379,same,1.73519,0.0125075,0.156673,same
cop20k_A_mtx_k1_cores4_chunks1_cpus4,4,121192x121192,121192x1,0.0896597,0.0836111,0.0106908,0.0179648,0.0775582,same,0.0129116,0.0122899,0.0976913,same,0.00620407,0.0454584,0.103977,same,2.13128,0.0326286,0.124168,same
cop20k_A_mtx_k1_cores4_chunks2_cpus2,4,121192x121192,121192x1,0.0901622,0.0830514,0.0102633,0.0178607,0.0779426,same,0.0130433,0.0123736,0.0983931,same,0.00613667,0.0449281,0.102506,same,2.11551,0.0324579,0.119211,same
cop20k_A_mtx_k1_cores50_chunks5_cpus10,50,121192x121192,121192x1,0.101953,0.138321,0.00252125,0.00300177,0.0620186,same,0.00157016,0.00112849,0.124243,same,0.00214715,0.033028,0.0966796,same,1.55209,0.0121779,0.141195,same
cop20k_A_mtx_k1_cores52_chunks4_cpus13,52,121192x121192,121192x1,0.109126,0.17359,0.0033101,0.00311487,0.0663893,same,0.00164207,0.00114179,0.135779,same,0.00312091,0.0351639,0.104538,same,1.66552,0.0113057,0.150015,same
cop20k_A_mtx_k1_cores54_chunks6_cpus9,54,121192x121192,121192x1,0.101198,0.130861,0.00300447,0.00288886,0.061493,same,0.00146949,0.00101864,0.1245,same,0.00178975,0.0322693,0.0959106,same,1.53702,0.00997398,0.139437,same
cop20k_A_mtx_k1_cores55_chunks5_cpus11,55,121192x121192,121192x1,0.105756,0.124973,0.00331023,0.00289999,0.0640025,same,0.00149655,0.0010263,0.129453,same,0.00184925,0.0333402,0.10022,same,1.60081,0.00945764,0.14523,same
cop20k_A_mtx_k1_cores56_chunks4_cpus14,56,121192x121192,121192x1,0.109062,0.137855,0.00277282,0.00301509,0.0654151,same,0.00159067,0.00107636,0.136523,same,0.0039847,0.0353281,0.105746,same,1.64909,0.0122741,0.151744,same
cop20k_A_mtx_k1_cores5_chunks1_cpus5,5,121192x121192,121192x1,0.0952431,0.0893204,0.0139518,0.0155253,0.0814014,same,0.0104232,0.00978346,0.101515,same,0.00594703,0.0436298,0.105913,same,2.13794,0.0290449,0.13027,same
cop20k_A_mtx_k1_cores60_chunks4_cpus15,60,121192x121192,121192x1,0.111451,0.188886,0.00291961,0.0030265,0.0674467,same,0.00156665,0.00105989,0.144292,same,0.00345017,0.0369292,0.1077,same,1.70214,0.011054,0.160335,same
cop20k_A_mtx_k1_cores60_chunks5_cpus12,60,121192x121192,121192x1,0.104542,0.129258,0.00229235,0.00280987,0.0621487,same,0.00149403,0.000981348,0.133791,same,0.0023976,0.0340162,0.0991077,same,1.58958,0.0116322,0.151556,same
cop20k_A_mtx_k1_cores60_chunks6_cpus10,60,121192x121192,121192x1,0.101716,0.141438,0.00279997,0.00271386,0.0613975,same,0.00137494,0.000930437,0.126418,same,0.00201326,0.0325123,0.096277,same,1.5282,0.0120251,0.143603,same
cop20k_A_mtx_k1_cores64_chunks4_cpus16,64,121192x121192,121192x1,0.111725,0.31134,0.00411546,0.00286146,0.0692667,same,0.00148345,0.000983332,0.149074,same,0.00246799,0.036398,0.112297,same,1.69256,0.0101525,0.1597,same
cop20k_A_mtx_k1_cores65_chunks5_cpus13,65,121192x121192,121192x1,0.10947,0.295229,0.00445007,0.0026764,0.0691246,same,0.00139042,0.00090571,0.13827,same,0.00196804,0.0345246,0.110819,same,1.63907,0.0112014,0.173351,same
cop20k_A_mtx_k1_cores66_chunks6_cpus11,66,121192x121192,121192x1,0.104904,0.290804,0.00391253,0.00256125,0.0660119,same,0.00137621,0.00086458,0.133537,same,0.00216325,0.0332425,0.100317,same,1.58635,0.00952891,0.145071,same
cop20k_A_mtx_k1_cores6_chunks1_cpus6,6,121192x121192,121192x1,0.095946,0.0880441,0.0146371,0.0139364,0.0806598,same,0.00944825,0.00889143,0.10561,same,0.00537252,0.0425627,0.102641,same,2.07323,0.0267373,0.127519,same
cop20k_A_mtx_k1_cores6_chunks2_cpus3,6,121192x121192,121192x1,0.095248,0.0879512,0.0140781,0.0137352,0.0801054,same,0.00930466,0.0087155,0.104563,same,0.0053428,0.0425087,0.103031,same,2.08321,0.0288694,0.129069,same
cop20k_A_mtx_k1_cores6_chunks3_cpus2,6,121192x121192,121192x1,0.094772,0.0877212,0.0142307,0.0137257,0.0801419,same,0.00939112,0.00878186,0.104941,same,0.00545793,0.0423109,0.102376,same,2.08319,0.0285385,0.12911,same
cop20k_A_mtx_k1_cores70_chunks5_cpus14,70,121192x121192,121192x1,0.112728,0.312766,0.00389821,0.00260849,0.0733555,same,0.00143956,0.00086978,0.143299,same,0.00208636,0.0349437,0.108351,same,1.63452,0.0114161,0.153104,same
cop20k_A_mtx_k1_cores72_chunks6_cpus12,72,121192x121192,121192x1,0.104196,0.348008,0.00408965,0.00248503,0.0658105,same,0.00133231,0.000810499,0.136356,same,0.00215719,0.0336067,0.103058,same,1.59715,0.00943737,0.152982,same
cop20k_A_mtx_k1_cores75_chunks5_cpus15,75,121192x121192,121192x1,0.111715,0.326375,0.0043856,0.00258042,0.0715209,same,0.00143823,0.000836359,0.151096,same,0.00274895,0.0362411,0.111702,same,1.70556,0.00925696,0.153822,same
cop20k_A_mtx_k1_cores78_chunks6_cpus13,78,121192x121192,121192x1,0.108899,0.343414,0.00449798,0.00242943,0.06833,same,0.00128401,0.000746791,0.141183,same,0.00214089,0.0342565,0.110119,same,1.64942,0.00977252,0.150007,same
cop20k_A_mtx_k1_cores7_chunks1_cpus7,7,121192x121192,121192x1,0.0986464,0.0908387,0.012612,0.0123224,0.078647,same,0.00809089,0.00754228,0.107077,same,0.00478134,0.0416902,0.104563,same,2.03052,0.0256141,0.134076,same
cop20k_A_mtx_k1_cores80_chunks5_cpus16,80,121192x121192,121192x1,0.112527,0.335212,0.00434691,0.00252291,0.0714306,same,0.00127158,0.000788096,0.153885,same,0.00226396,0.0360812,0.111422,same,1.69122,0.00899399,0.158073,same
cop20k_A_mtx_k1_cores84_chunks6_cpus14,84,121192x121192,121192x1,0.108357,0.390147,0.00413848,0.00237053,0.0697569,same,0.00124691,0.000717866,0.150307,same,0.00228775,0.0347367,0.110573,same,1.67047,0.00868791,0.151432,same
cop20k_A_mtx_k1_cores8_chunks1_cpus8,8,121192x121192,121192x1,0.0988941,0.0916281,0.0110635,0.0112074,0.0755802,same,0.0073478,0.00680109,0.109124,same,0.00476898,0.040732,0.103944,same,1.97705,0.0243028,0.134688,same
cop20k_A_mtx_k1_cores8_chunks2_cpus4,8,121192x121192,121192x1,0.096979,0.0929977,0.0111293,0.0111556,0.0758215,same,0.00733506,0.00679429,0.109165,same,0.00465147,0.0404448,0.101823,same,1.95175,0.0242654,0.13591,same
cop20k_A_mtx_k1_cores8_chunks4_cpus2,8,121192x121192,121192x1,0.0982183,0.0914964,0.0111427,0.0113548,0.076759,same,0.007342,0.00681779,0.109162,same,0.00459521,0.0407301,0.102547,same,1.96948,0.0222107,0.137594,same
cop20k_A_mtx_k1_cores90_chunks6_cpus15,90,121192x121192,121192x1,0.11206,0.368881,0.0048635,0.00235609,0.0715478,same,0.00147693,0.00071294,0.157537,same,0.00224987,0.0359557,0.111073,same,1.67166,0.00802428,0.167936,same
cop20k_A_mtx_k1_cores96_chunks6_cpus16,96,121192x121192,121192x1,0.113968,0.483886,0.00658293,0.00232708,0.0754558,same,0.00116821,0.000654709,0.15654,same,0.0023052,0.0357771,0.110596,same,1.67109,0.0102123,0.158441,same
cop20k_A_mtx_k1_cores9_chunks1_cpus9,9,121192x121192,121192x1,0.100179,0.0937211,0.0109648,0.0103705,0.0794266,same,0.00662169,0.00600525,0.115463,same,0.00431113,0.0413262,0.108884,same,1.99724,0.0229544,0.143772,same
cop20k_A_mtx_k1_cores9_chunks3_cpus3,9,121192x121192,121192x1,0.100313,0.0978903,0.0111816,0.0103714,0.0772744,same,0.0065984,0.00596207,0.111266,same,0.00431883,0.0404696,0.105686,same,2.00205,0.0204935,0.147756,same
cop20k_A_mtx_k3_cores10_chunks1_cpus10,10,121192x121192,121192x3,0.219281,0.101231,0.0190093,0.0176348,0.094432,same,0.018217,0.0167422,0.229648,same,0.00672131,0.0458332,0.111671,same,2.09293,0.045652,0.351953,same
cop20k_A_mtx_k3_cores10_chunks2_cpus5,10,121192x121192,121192x3,0.218897,0.101189,0.0189657,0.0176987,0.0942676,same,0.018486,0.0169831,0.231211,same,0.0068837,0.0459174,0.112143,same,2.08865,0.0466125,0.33618,same
cop20k_A_mtx_k3_cores10_chunks5_cpus2,10,121192x121192,121192x3,0.219745,0.0988046,0.0188865,0.0176958,0.0941202,same,0.018567,0.017023,0.230982,same,0.00713303,0.0461724,0.111784,same,2.08089,0.0462329,0.345677,same
cop20k_A_mtx_k3_cores11_chunks1_cpus11,11,121192x121192,121192x3,0.225735,0.102345,0.0183049,0.0165448,0.0948706,same,0.0166726,0.0153224,0.232175,same,0.00723718,0.0466006,0.119423,same,2.20239,0.0429588,0.357065,same
cop20k_A_mtx_k3_cores12_chunks1_cpus12,12,121192x121192,121192x3,0.227029,0.10576,0.0160475,0.016312,0.0923385,same,0.0175898,0.0160671,0.256885,same,0.00782393,0.0465745,0.114033,same,2.18673,0.0396739,0.353241,same
cop20k_A_mtx_k3_cores12_chunks2_cpus6,12,121192x121192,121192x3,0.227399,0.102074,0.0168887,0.0155568,0.091928,same,0.0160551,0.0145736,0.23909,same,0.00811011,0.0465942,0.12126,same,2.17454,0.0411762,0.35462,same
cop20k_A_mtx_k3_cores12_chunks3_cpus4,12,121192x121192,121192x3,0.227434,0.114859,0.0172292,0.0158091,0.0931915,same,0.016203,0.0146386,0.239806,same,0.00728409,0.0468729,0.121645,same,2.18435,0.0407804,0.36519,same
cop20k_A_mtx_k3_cores12_chunks4_cpus3,12,121192x121192,121192x3,0.226281,0.103544,0.0169168,0.0155756,0.0923588,same,0.0159972,0.014421,0.236679,same,0.00771578,0.0482665,0.122608,same,2.16947,0.0389987,0.363315,same
cop20k_A_mtx_k3_cores12_chunks6_cpus2,12,121192x121192,121192x3,0.226942,0.10335,0.0168422,0.0156919,0.0927444,same,0.0161203,0.0146344,0.242636,same,0.00735073,0.0467672,0.119356,same,2.17962,0.039952,0.397442,same
cop20k_A_mtx_k3_cores13_chunks1_cpus13,13,121192x121192,121192x3,0.235484,0.112775,0.0167648,0.0148389,0.0948177,same,0.0150049,0.0135173,0.246077,same,0.00662339,0.0467131,0.122177,same,2.21829,0.0358648,0.373457,same
cop20k_A_mtx_k3_cores14_chunks1_cpus14,14,121192x121192,121192x3,0.234688,0.106862,0.0156013,0.0142641,0.0922417,same,0.0142676,0.0128019,0.250722,same,0.00696363,0.0462624,0.12128,same,2.16091,0.0361398,0.366651,same
cop20k_A_mtx_k3_cores14_chunks2_cpus7,14,121192x121192,121192x3,0.236094,0.107307,0.0155186,0.0142308,0.0931714,same,0.0145899,0.0130279,0.253532,same,0.00668534,0.0467706,0.12079,same,2.18014,0.0362733,0.368207,same
cop20k_A_mtx_k3_cores15_chunks1_cpus15,15,121192x121192,121192x3,0.242294,0.11567,0.0151969,0.0137898,0.0937508,same,0.0142622,0.0126671,0.263673,same,0.00762249,0.0471444,0.125042,same,2.21344,0.0358506,0.419484,same
cop20k_A_mtx_k3_cores15_chunks3_cpus5,15,121192x121192,121192x3,0.241505,0.112642,0.0151246,0.0138601,0.0935769,same,0.0144962,0.0129019,0.266762,same,0.00737111,0.0476843,0.124727,same,2.21354,0.0367156,0.416652,same
cop20k_A_mtx_k3_cores15_chunks5_cpus3,15,121192x121192,121192x3,0.241907,0.112056,0.0154057,0.0139782,0.0935248,same,0.0144738,0.0128985,0.267025,same,0.00736335,0.0480575,0.125325,same,2.21157,0.0356401,0.394331,same
cop20k_A_mtx_k3_cores16_chunks1_cpus16,16,121192x121192,121192x3,0.242209,0.11131,0.0145292,0.013078,0.0919905,same,0.0133891,0.0119176,0.264498,same,0.00814536,0.0467965,0.123721,same,2.18366,0.0345253,0.413538,same
cop20k_A_mtx_k3_cores16_chunks2_cpus8,16,121192x121192,121192x3,0.241177,0.112429,0.0140871,0.0131195,0.0914517,same,0.0135224,0.0120041,0.263412,same,0.0077599,0.0469456,0.121163,same,2.18686,0.0338873,0.381417,same
cop20k_A_mtx_k3_cores16_chunks4_cpus4,16,121192x121192,121192x3,0.242498,0.111913,0.0145806,0.0130901,0.0920602,same,0.0132449,0.0117968,0.262495,same,0.0075683,0.0465248,0.124164,same,2.18234,0.0341284,0.403829,same
cop20k_A_mtx_k3_cores18_chunks2_cpus9,18,121192x121192,121192x3,0.219147,0.116759,0.0118931,0.0104395,0.0802372,same,0.0104762,0.00910273,0.227789,same,0.00601039,0.0391524,0.106179,same,1.92756,0.027909,0.338334,same
cop20k_A_mtx_k3_cores18_chunks3_cpus6,18,121192x121192,121192x3,0.218882,0.116624,0.0119132,0.0104074,0.0802862,same,0.010337,0.0089982,0.224613,same,0.00607949,0.0390988,0.10553,same,1.93828,0.028886,0.350287,same
cop20k_A_mtx_k3_cores18_chunks6_cpus3,18,121192x121192,121192x3,0.219368,0.119439,0.0115701,0.010424,0.081401,same,0.0102956,0.00899878,0.226268,same,0.00593467,0.0392235,0.106973,same,1.90779,0.0275171,0.347597,same
cop20k_A_mtx_k3_cores20_chunks2_cpus10,20,121192x121192,121192x3,0.219348,0.121355,0.0109221,0.00974887,0.0780996,same,0.00993989,0.00857782,0.234412,same,0.0082403,0.0394006,0.104609,same,1.88362,0.0261241,0.338747,same
cop20k_A_mtx_k3_cores20_chunks4_cpus5,20,121192x121192,121192x3,0.21961,0.122388,0.0109777,0.00970334,0.0784366,same,0.0098793,0.00846621,0.232388,same,0.00654877,0.0393741,0.104907,same,1.88706,0.0259838,0.351191,same
cop20k_A_mtx_k3_cores20_chunks5_cpus4,20,121192x121192,121192x3,0.220754,0.120968,0.0105095,0.00974003,0.0776174,same,0.00965899,0.00845024,0.231905,same,0.00807069,0.0394573,0.10873,same,1.88344,0.0261947,0.341458,same
cop20k_A_mtx_k3_cores22_chunks2_cpus11,22,121192x121192,121192x3,0.227006,0.1106,0.0110769,0.00921808,0.0808801,same,0.00900207,0.00772821,0.236506,same,0.00675107,0.0405098,0.108295,same,1.91359,0.0247302,0.376344,same
cop20k_A_mtx_k3_cores24_chunks2_cpus12,24,121192x121192,121192x3,0.226464,0.109523,0.0100384,0.00861759,0.0785565,same,0.00867631,0.00730447,0.242394,same,0.00706178,0.0405287,0.107382,same,1.87083,0.0244231,0.352098,same
cop20k_A_mtx_k3_cores24_chunks3_cpus8,24,121192x121192,121192x3,0.233447,0.113868,0.00948424,0.00873302,0.0778421,same,0.00867299,0.00735265,0.244666,same,0.00751784,0.041278,0.107228,same,1.87477,0.0233686,0.360993,same
cop20k_A_mtx_k3_cores24_chunks4_cpus6,24,121192x121192,121192x3,0.228186,0.112655,0.00978782,0.00884051,0.078306,same,0.00876585,0.0073878,0.244571,same,0.00814669,0.0402447,0.107332,same,1.88001,0.0234642,0.359251,same
cop20k_A_mtx_k3_cores24_chunks6_cpus4,24,121192x121192,121192x3,0.227654,0.111303,0.0093821,0.00859306,0.0774613,same,0.00847287,0.00722256,0.243386,same,0.00757089,0.0404809,0.111269,same,1.88729,0.0228152,0.366522,same
cop20k_A_mtx_k3_cores25_chunks5_cpus5,25,121192x121192,121192x3,0.233978,0.119886,0.0104625,0.00844586,0.0814393,same,0.00866658,0.00715322,0.252789,same,0.00889034,0.0405128,0.117845,same,1.91813,0.0231658,0.377397,same
cop20k_A_mtx_k3_cores26_chunks2_cpus13,26,121192x121192,121192x3,0.237419,0.118797,0.00998322,0.00820292,0.0800513,same,0.00801219,0.0066393,0.242588,same,0.00718018,0.0404629,0.110898,same,1.92029,0.0228149,0.366322,same
cop20k_A_mtx_k3_cores27_chunks3_cpus9,27,121192x121192,121192x3,0.21908,0.119021,0.00931898,0.00748726,0.0749602,same,0.00747136,0.00602052,0.228383,same,0.00613924,0.0368739,0.102667,same,1.77581,0.0200599,0.349879,same
cop20k_A_mtx_k3_cores28_chunks2_cpus14,28,121192x121192,121192x3,0.234191,0.114786,0.00925919,0.00791185,0.0791931,same,0.00782149,0.00640755,0.25016,same,0.00760559,0.0407855,0.110469,same,1.89562,0.0214668,0.379912,same
cop20k_A_mtx_k3_cores28_chunks4_cpus7,28,121192x121192,121192x3,0.235386,0.116913,0.00936145,0.00791109,0.0792959,same,0.00785539,0.00638727,0.251606,same,0.00720402,0.0410973,0.110929,same,1.90535,0.0231797,0.377166,same
cop20k_A_mtx_k3_cores2_chunks1_cpus2,2,121192x121192,121192x3,0.197068,0.0841364,0.00617427,0.0665381,0.125445,same,0.0237666,0.074881,0.148847,same,0.0222018,0.0813673,0.141305,same,2.79088,0.146973,0.296825,same
cop20k_A_mtx_k3_cores30_chunks2_cpus15,30,121192x121192,121192x3,0.241327,0.11835,0.00856688,0.00776854,0.0805291,same,0.00766406,0.00630433,0.263074,same,0.0078389,0.0424122,0.117609,same,1.94735,0.0211894,0.445276,same
cop20k_A_mtx_k3_cores30_chunks3_cpus10,30,121192x121192,121192x3,0.219073,0.121315,0.00797616,0.00691698,0.0721359,same,0.00697147,0.00560519,0.234058,same,0.00665456,0.0370517,0.101927,same,1.74644,0.0201115,0.339815,same
cop20k_A_mtx_k3_cores30_chunks5_cpus6,30,121192x121192,121192x3,0.21848,0.122015,0.00814111,0.00692612,0.0726167,same,0.00710272,0.00563825,0.23498,same,0.00821563,0.0373024,0.10173,same,1.73456,0.0206105,0.344816,same
cop20k_A_mtx_k3_cores30_chunks6_cpus5,30,121192x121192,121192x3,0.242061,0.11855,0.00877717,0.00772612,0.0807,same,0.00766827,0.0062916,0.263044,same,0.00830267,0.0424382,0.117892,same,1.94709,0.0232843,0.379848,same
cop20k_A_mtx_k3_cores32_chunks2_cpus16,32,121192x121192,121192x3,0.241432,0.1179,0.00839641,0.00736121,0.0798939,same,0.00740255,0.00584045,0.261529,same,0.00824733,0.0421066,0.113403,same,1.93059,0.0202655,0.381515,same
cop20k_A_mtx_k3_cores32_chunks4_cpus8,32,121192x121192,121192x3,0.241751,0.117647,0.00823506,0.00736063,0.0800082,same,0.00733234,0.00589325,0.266133,same,0.00914759,0.0419748,0.119619,same,2.11792,0.0203004,0.388438,same
cop20k_A_mtx_k3_cores33_chunks3_cpus11,33,121192x121192,121192x3,0.227108,0.128218,0.00772662,0.00651677,0.07479,same,0.00662014,0.00511184,0.242602,same,0.00668392,0.0382041,0.111817,same,1.81063,0.0184393,0.356992,same
cop20k_A_mtx_k3_cores36_chunks3_cpus12,36,121192x121192,121192x3,0.226271,0.131064,0.00741005,0.00624176,0.0736073,same,0.00613872,0.00481452,0.243434,same,0.00726268,0.03874,0.104873,same,1.78027,0.0180348,0.355615,same
cop20k_A_mtx_k3_cores36_chunks4_cpus9,36,121192x121192,121192x3,0.21898,0.118398,0.00701865,0.00591352,0.0704808,same,0.00576489,0.00452659,0.230524,same,0.00499127,0.0352167,0.100445,same,1.7064,0.0188519,0.350681,same
cop20k_A_mtx_k3_cores36_chunks6_cpus6,36,121192x121192,121192x3,0.227601,0.131172,0.00759456,0.00618666,0.0734112,same,0.00623667,0.00480643,0.243945,same,0.0075208,0.0378749,0.104968,same,1.77271,0.0188645,0.354359,same
cop20k_A_mtx_k3_cores39_chunks3_cpus13,39,121192x121192,121192x3,0.235358,0.138171,0.00747327,0.00596404,0.0760984,same,0.00604192,0.00451128,0.250095,same,0.00846733,0.0390524,0.111539,same,1.82591,0.0169815,0.382177,same
cop20k_A_mtx_k3_cores3_chunks1_cpus3,3,121192x121192,121192x3,0.19566,0.0866844,0.00982193,0.0455984,0.105968,same,0.00433106,0.0526831,0.107135,same,0.0103844,0.0647701,0.124759,same,2.42807,0.106305,0.311364,same
cop20k_A_mtx_k3_cores40_chunks4_cpus10,40,121192x121192,121192x3,0.219332,0.122216,0.00618085,0.00551955,0.0689595,same,0.00555595,0.00423423,0.238087,same,0.00694286,0.0355593,0.0999286,same,1.68587,0.0164978,0.342676,same
cop20k_A_mtx_k3_cores42_chunks3_cpus14,42,121192x121192,121192x3,0.234388,0.139564,0.00662827,0.00573638,0.0754125,same,0.00585568,0.00436344,0.259021,same,0.00797222,0.0387652,0.108806,same,1.8197,0.0172658,0.378418,same
cop20k_A_mtx_k3_cores42_chunks6_cpus7,42,121192x121192,121192x3,0.234925,0.151312,0.00668247,0.00571014,0.0746708,same,0.00580162,0.00434599,0.257911,same,0.00832978,0.0392505,0.108942,same,1.81612,0.0174432,0.366552,same
cop20k_A_mtx_k3_cores44_chunks4_cpus11,44,121192x121192,121192x3,0.226507,0.130253,0.00607069,0.00525526,0.07119,same,0.00517135,0.00381711,0.240454,same,0.00698617,0.0364677,0.103889,same,1.727,0.0151317,0.365161,same
cop20k_A_mtx_k3_cores45_chunks3_cpus15,45,121192x121192,121192x3,0.241739,0.148929,0.00655848,0.00580559,0.0765852,same,0.00554396,0.00418771,0.26736,same,0.00857235,0.0405996,0.121578,same,1.85321,0.0163404,0.391818,same
cop20k_A_mtx_k3_cores45_chunks5_cpus9,45,121192x121192,121192x3,0.219889,0.136625,0.00594444,0.00500108,0.0685086,same,0.00487531,0.00363752,0.232986,same,0.0069888,0.0350872,0.099781,same,1.66685,0.0152232,0.347674,same
cop20k_A_mtx_k3_cores48_chunks3_cpus16,48,121192x121192,121192x3,0.241903,0.158282,0.00627349,0.0054515,0.0760316,same,0.0053232,0.00390139,0.266832,same,0.00827856,0.0407126,0.120243,same,1.83192,0.0156511,0.421265,same
cop20k_A_mtx_k3_cores48_chunks4_cpus12,48,121192x121192,121192x3,0.229276,0.152392,0.00585486,0.00497886,0.0705124,same,0.00504353,0.0036579,0.249343,same,0.00797041,0.0367258,0.103623,same,1.70115,0.0149659,0.388257,same
cop20k_A_mtx_k3_cores48_chunks6_cpus8,48,121192x121192,121192x3,0.24309,0.147959,0.00628228,0.00541336,0.0758776,same,0.00525337,0.00386955,0.264845,same,0.00844712,0.0407084,0.118493,same,1.84536,0.0172215,0.390386,same
cop20k_A_mtx_k3_cores4_chunks1_cpus4,4,121192x121192,121192x3,0.198004,0.0869681,0.0192126,0.0351403,0.105714,same,0.0396024,0.0380886,0.203791,same,0.00882191,0.0563972,0.115443,same,2.3487,0.0819701,0.318641,same
cop20k_A_mtx_k3_cores4_chunks2_cpus2,4,121192x121192,121192x3,0.195339,0.0868037,0.0196252,0.0351202,0.105757,same,0.0394305,0.0379122,0.203085,same,0.00860468,0.0564622,0.114744,same,2.2383,0.0816556,0.307667,same
cop20k_A_mtx_k3_cores50_chunks5_cpus10,50,121192x121192,121192x3,0.219253,0.129814,0.00567709,0.00464842,0.06791,same,0.00463579,0.00340627,0.240791,same,0.00760358,0.0350723,0.0989602,same,1.64096,0.0137205,0.341059,same
cop20k_A_mtx_k3_cores52_chunks4_cpus13,52,121192x121192,121192x3,0.235886,0.137552,0.00567233,0.00483225,0.0725023,same,0.0046595,0.00333713,0.251424,same,0.00638086,0.0373413,0.108272,same,1.75831,0.0155974,0.368988,same
cop20k_A_mtx_k3_cores54_chunks6_cpus9,54,121192x121192,121192x3,0.219817,0.131522,0.00555875,0.00435449,0.0674047,same,0.00426526,0.00303184,0.235347,same,0.0056036,0.0340772,0.0989808,same,1.6292,0.0152985,0.3467,same
cop20k_A_mtx_k3_cores55_chunks5_cpus11,55,121192x121192,121192x3,0.227483,0.128211,0.0058896,0.00442987,0.0700661,same,0.00438394,0.00308914,0.245948,same,0.00678245,0.0355203,0.103409,same,1.70092,0.0154552,0.361728,same
cop20k_A_mtx_k3_cores56_chunks4_cpus14,56,121192x121192,121192x3,0.234831,0.149199,0.00523677,0.00463243,0.0715447,same,0.00466949,0.00324519,0.260767,same,0.00773155,0.0378467,0.107146,same,1.75114,0.0147565,0.392278,same
cop20k_A_mtx_k3_cores5_chunks1_cpus5,5,121192x121192,121192x3,0.207575,0.0928974,0.027494,0.029915,0.111158,same,0.0318108,0.0303386,0.207151,same,0.0079659,0.0532363,0.117155,same,2.23811,0.0795647,0.316962,same
cop20k_A_mtx_k3_cores60_chunks4_cpus15,60,121192x121192,121192x3,0.241594,0.149447,0.00506824,0.00466421,0.0736722,same,0.00449221,0.0031497,0.272306,same,0.00800797,0.0401169,0.118042,same,1.79479,0.0132441,0.380672,same
cop20k_A_mtx_k3_cores60_chunks5_cpus12,60,121192x121192,121192x3,0.227831,0.132708,0.00500978,0.00423615,0.0693768,same,0.00416698,0.00289433,0.25139,same,0.00755578,0.0360377,0.103606,same,1.67931,0.0140632,0.356085,same
cop20k_A_mtx_k3_cores60_chunks6_cpus10,60,121192x121192,121192x3,0.219988,0.132003,0.00512159,0.00407537,0.0666267,same,0.00406052,0.00279425,0.240959,same,0.00776273,0.0345089,0.098975,same,1.92969,0.0131179,0.376623,same
cop20k_A_mtx_k3_cores64_chunks4_cpus16,64,121192x121192,121192x3,0.241644,0.306732,0.00667274,0.00428789,0.0756401,same,0.00435504,0.0029018,0.270645,same,0.00750346,0.0381974,0.110944,same,1.92445,0.0380678,0.399194,same
cop20k_A_mtx_k3_cores65_chunks5_cpus13,65,121192x121192,121192x3,0.23581,0.293261,0.00697423,0.00405848,0.0755273,same,0.00405596,0.00267584,0.255909,same,0.00596669,0.0361282,0.106725,same,1.77019,0.0151615,0.370218,same
cop20k_A_mtx_k3_cores66_chunks6_cpus11,66,121192x121192,121192x3,0.226851,0.295639,0.00633411,0.00384513,0.0716605,same,0.00390371,0.00254434,0.250121,same,0.00596189,0.0352187,0.109973,same,1.66274,0.0145722,0.389509,same
cop20k_A_mtx_k3_cores6_chunks1_cpus6,6,121192x121192,121192x3,0.208157,0.0916933,0.0284935,0.0260553,0.108942,same,0.0281254,0.0267123,0.215859,same,0.00757228,0.0506962,0.113054,same,2.17671,0.0636781,0.323166,same
cop20k_A_mtx_k3_cores6_chunks2_cpus3,6,121192x121192,121192x3,0.206627,0.0921439,0.0278599,0.0261135,0.108262,same,0.0279999,0.0265631,0.21488,same,0.00760644,0.0508066,0.11277,same,2.25663,0.0654601,0.322817,same
cop20k_A_mtx_k3_cores6_chunks3_cpus2,6,121192x121192,121192x3,0.206758,0.0932441,0.0282825,0.0260285,0.109913,same,0.0280928,0.0266115,0.216215,same,0.00771205,0.0507418,0.113549,same,2.18213,0.0649671,0.318671,same
cop20k_A_mtx_k3_cores70_chunks5_cpus14,70,121192x121192,121192x3,0.233302,0.323798,0.00652523,0.00390776,0.0796718,same,0.00392179,0.00255792,0.262815,same,0.00707994,0.0367653,0.111801,same,1.71205,0.0127709,0.376153,same
cop20k_A_mtx_k3_cores72_chunks6_cpus12,72,121192x121192,121192x3,0.227212,0.30757,0.00626075,0.00364598,0.0717407,same,0.00384324,0.00245486,0.260819,same,0.00622951,0.0352104,0.107944,same,1.65996,0.014612,0.377084,same
cop20k_A_mtx_k3_cores75_chunks5_cpus15,75,121192x121192,121192x3,0.241664,0.338441,0.00675811,0.00387186,0.0811732,same,0.0045874,0.00251664,0.278658,same,0.00784633,0.0378997,0.115323,same,1.79518,0.0140499,0.416449,same
cop20k_A_mtx_k3_cores78_chunks6_cpus13,78,121192x121192,121192x3,0.234553,0.333286,0.00660914,0.0035202,0.0771653,same,0.00424204,0.0022376,0.261905,same,0.00594616,0.0358122,0.111217,same,1.74388,0.013599,0.382276,same
cop20k_A_mtx_k3_cores7_chunks1_cpus7,7,121192x121192,121192x3,0.212533,0.0957531,0.0256368,0.023138,0.104625,same,0.0239078,0.0224882,0.215005,same,0.00711973,0.0488233,0.112903,same,2.13303,0.0568964,0.326545,same
cop20k_A_mtx_k3_cores80_chunks5_cpus16,80,121192x121192,121192x3,0.241101,0.344938,0.00650455,0.00370262,0.0782573,same,0.00370857,0.00235153,0.278251,same,0.00765223,0.0376087,0.112597,same,1.80689,0.0124323,0.408099,same
cop20k_A_mtx_k3_cores84_chunks6_cpus14,84,121192x121192,121192x3,0.234528,0.396228,0.00671684,0.00348621,0.0790806,same,0.00358869,0.0021612,0.270208,same,0.00739793,0.0362196,0.111582,same,1.72189,0.0117443,0.370333,same
cop20k_A_mtx_k3_cores8_chunks1_cpus8,8,121192x121192,121192x3,0.213329,0.0952149,0.0225096,0.0209401,0.100717,same,0.0221179,0.0205376,0.223208,same,0.00667682,0.0473946,0.111187,same,2.04185,0.0524733,0.324682,same
cop20k_A_mtx_k3_cores8_chunks2_cpus4,8,121192x121192,121192x3,0.213035,0.0957269,0.0217897,0.0209046,0.0992028,same,0.0218551,0.0204747,0.221796,same,0.00702828,0.0477778,0.112137,same,2.04917,0.0520442,0.329416,same
cop20k_A_mtx_k3_cores8_chunks4_cpus2,8,121192x121192,121192x3,0.213073,0.0956529,0.0215742,0.0210011,0.0976845,same,0.021614,0.0201881,0.219584,same,0.00715117,0.0473415,0.110448,same,2.05219,0.0521168,0.327102,same
cop20k_A_mtx_k3_cores90_chunks6_cpus15,90,121192x121192,121192x3,0.241777,0.377433,0.0090609,0.00340375,0.0829398,same,0.00342704,0.00208221,0.281825,same,0.00754289,0.0374329,0.113976,same,1.77083,0.0125051,0.419095,same
cop20k_A_mtx_k3_cores96_chunks6_cpus16,96,121192x121192,121192x3,0.241666,0.388017,0.00889203,0.00329291,0.0811248,same,0.00335036,0.0019586,0.284558,same,0.0076413,0.0372981,0.114544,same,1.76624,0.0141482,0.386302,same
cop20k_A_mtx_k3_cores9_chunks1_cpus9,9,121192x121192,121192x3,0.220203,0.0985258,0.0210806,0.0192199,0.0983973,same,0.0195297,0.0180255,0.222827,same,0.00677142,0.0467649,0.114347,same,2.1027,0.0475707,0.379146,same
cop20k_A_mtx_k3_cores9_chunks3_cpus3,9,121192x121192,121192x3,0.219709,0.099003,0.0209366,0.0192764,0.0978246,same,0.0195872,0.0182347,0.225006,same,0.00687812,0.0465356,0.113545,same,2.10958,0.0477173,0.342374,same
cop20k_A_mtx_k6_cores10_chunks1_cpus10,10,121192x121192,121192x6,0.370876,0.11169,0.0322167,0.0295526,0.125347,same,0.0404871,0.0377916,0.445518,same,0.0104159,0.0576323,0.130017,same,2.47278,0.0820587,0.686903,same
cop20k_A_mtx_k6_cores10_chunks2_cpus5,10,121192x121192,121192x6,0.353804,0.130368,0.0300515,0.02674,0.115992,same,0.0364178,0.033941,0.403204,same,0.013615,0.0536064,0.129012,same,2.40584,0.0962956,0.853762,same
cop20k_A_mtx_k6_cores10_chunks5_cpus2,10,121192x121192,121192x6,0.371374,0.111643,0.0319525,0.029698,0.125271,same,0.0396828,0.0371027,0.437979,same,0.0104258,0.0564546,0.130454,same,2.24383,0.0829657,0.67252,same
cop20k_A_mtx_k6_cores11_chunks1_cpus11,11,121192x121192,121192x6,0.385535,0.117052,0.0313791,0.0278154,0.12492,same,0.0362419,0.0335394,0.44451,same,0.0104828,0.0575642,0.139383,same,2.39106,0.082989,0.660482,same
cop20k_A_mtx_k6_cores12_chunks1_cpus12,12,121192x121192,121192x6,0.383516,0.117062,0.0294366,0.0266541,0.121783,same,0.0349556,0.0321292,0.461427,same,0.010843,0.0562928,0.1384,same,2.35671,0.074227,0.661611,same
cop20k_A_mtx_k6_cores12_chunks2_cpus6,12,121192x121192,121192x6,0.385276,0.119044,0.0286937,0.0261336,0.122769,same,0.0362704,0.0326639,0.464646,same,0.0107455,0.0569814,0.13812,same,2.34091,0.0735716,0.661599,same
cop20k_A_mtx_k6_cores12_chunks3_cpus4,12,121192x121192,121192x6,0.387791,0.119008,0.0287205,0.0260878,0.120468,same,0.0345115,0.031742,0.456791,same,0.0111466,0.0551447,0.138851,same,2.33862,0.0738892,0.671797,same
cop20k_A_mtx_k6_cores12_chunks4_cpus3,12,121192x121192,121192x6,0.382716,0.115563,0.0287995,0.0260747,0.120081,same,0.0341522,0.0313405,0.451476,same,0.0112076,0.0563432,0.137818,same,2.33392,0.0740165,0.683073,same
cop20k_A_mtx_k6_cores12_chunks6_cpus2,12,121192x121192,121192x6,0.395942,0.11598,0.028823,0.0261304,0.124467,same,0.0358564,0.0322598,0.460051,same,0.010849,0.0564293,0.138694,same,2.36431,0.0746068,0.688408,same
cop20k_A_mtx_k6_cores13_chunks1_cpus13,13,121192x121192,121192x6,0.398835,0.121874,0.0288648,0.0253464,0.126867,same,0.0320995,0.0293059,0.456974,same,0.0106862,0.0564091,0.142185,same,2.3821,0.0722785,0.758478,same
cop20k_A_mtx_k6_cores14_chunks1_cpus14,14,121192x121192,121192x6,0.398652,0.124726,0.0261777,0.0237924,0.123018,same,0.030966,0.0280699,0.469135,same,0.0119847,0.0549188,0.14134,same,2.35729,0.0674181,0.688964,same
cop20k_A_mtx_k6_cores14_chunks2_cpus7,14,121192x121192,121192x6,0.398081,0.120401,0.0257449,0.0238333,0.121318,same,0.0322799,0.0285374,0.475567,same,0.0116258,0.0556642,0.140925,same,2.35096,0.0675109,0.709358,same
cop20k_A_mtx_k6_cores15_chunks1_cpus15,15,121192x121192,121192x6,0.410591,0.12942,0.029062,0.0238201,0.126215,same,0.0302364,0.0275081,0.492554,same,0.0107502,0.0547673,0.140379,same,2.39477,0.0651287,0.714673,same
cop20k_A_mtx_k6_cores15_chunks3_cpus5,15,121192x121192,121192x6,0.411687,0.131611,0.0256726,0.0234207,0.119326,same,0.0302639,0.0275006,0.488892,same,0.0105104,0.0543675,0.136189,same,2.39835,0.0656474,0.727274,same
cop20k_A_mtx_k6_cores15_chunks5_cpus3,15,121192x121192,121192x6,0.40991,0.133113,0.0289493,0.0233496,0.12609,same,0.030169,0.027409,0.490054,same,0.0107884,0.0543806,0.140587,same,2.45185,0.0651011,0.714898,same
cop20k_A_mtx_k6_cores16_chunks1_cpus16,16,121192x121192,121192x6,0.410755,0.130633,0.0242803,0.0219095,0.119065,same,0.0277264,0.0250001,0.478404,same,0.01061,0.0530825,0.139264,same,2.36842,0.0600129,0.718615,same
cop20k_A_mtx_k6_cores16_chunks2_cpus8,16,121192x121192,121192x6,0.411836,0.130176,0.0241398,0.0222229,0.117151,same,0.0276926,0.0249272,0.475565,same,0.0106657,0.0532371,0.135601,same,2.36623,0.0644604,0.714421,same
cop20k_A_mtx_k6_cores16_chunks4_cpus4,16,121192x121192,121192x6,0.543192,0.140775,0.0241,0.0220716,0.116891,same,0.0277692,0.0248981,0.47574,same,0.0106906,0.0530993,0.136094,same,2.36533,0.0609395,0.736482,same
cop20k_A_mtx_k6_cores18_chunks2_cpus9,18,121192x121192,121192x6,0.372083,0.131045,0.0197784,0.0172202,0.0998676,same,0.0228415,0.0202515,0.433778,same,0.0113571,0.0476084,0.127875,same,2.06332,0.0500353,0.641938,same
cop20k_A_mtx_k6_cores18_chunks3_cpus6,18,121192x121192,121192x6,0.370929,0.13092,0.0195926,0.0172193,0.0996652,same,0.0224282,0.0198516,0.426065,same,0.0117909,0.0469544,0.124512,same,2.07457,0.048056,0.64156,same
cop20k_A_mtx_k6_cores18_chunks6_cpus3,18,121192x121192,121192x6,0.372003,0.130459,0.0197926,0.0173126,0.0999553,same,0.0225558,0.0199675,0.428896,same,0.0114629,0.0479112,0.130244,same,2.07031,0.0510944,0.65826,same
cop20k_A_mtx_k6_cores20_chunks2_cpus10,20,121192x121192,121192x6,0.371826,0.136117,0.0179962,0.0160059,0.0967303,same,0.0210157,0.0185225,0.440125,same,0.0120389,0.047096,0.126375,same,2.03082,0.0456696,0.63821,same
cop20k_A_mtx_k6_cores20_chunks4_cpus5,20,121192x121192,121192x6,0.368399,0.133456,0.0173251,0.0160892,0.0963944,same,0.0212272,0.0187112,0.44607,same,0.0116087,0.0472473,0.123081,same,2.02913,0.0487212,0.700201,same
cop20k_A_mtx_k6_cores20_chunks5_cpus4,20,121192x121192,121192x6,0.370641,0.136807,0.0181343,0.0160134,0.0971064,same,0.0208954,0.0184311,0.437881,same,0.0123703,0.04681,0.127541,same,2.027,0.0468318,0.658363,same
cop20k_A_mtx_k6_cores22_chunks2_cpus11,22,121192x121192,121192x6,0.384739,0.121806,0.0177549,0.0149989,0.0986399,same,0.0195654,0.0168336,0.448142,same,0.0113767,0.0468279,0.127004,same,2.04009,0.044554,0.693622,same
cop20k_A_mtx_k6_cores24_chunks2_cpus12,24,121192x121192,121192x6,0.386143,0.124969,0.0183283,0.0142864,0.0989578,same,0.0189792,0.016151,0.466397,same,0.0115679,0.0470708,0.126467,same,2.02577,0.0410543,0.664561,same
cop20k_A_mtx_k6_cores24_chunks3_cpus8,24,121192x121192,121192x6,0.395999,0.135353,0.0162737,0.0149504,0.0986603,same,0.0186356,0.0159296,0.454174,same,0.0127243,0.0457498,0.121931,same,2.02477,0.0411284,0.667359,same
cop20k_A_mtx_k6_cores24_chunks4_cpus6,24,121192x121192,121192x6,0.383474,0.122523,0.0161198,0.0140896,0.0967291,same,0.0188928,0.0161557,0.465469,same,0.0125075,0.0468943,0.126649,same,2.02822,0.0411373,0.694444,same
cop20k_A_mtx_k6_cores24_chunks6_cpus4,24,121192x121192,121192x6,0.387522,0.122716,0.0165431,0.0140966,0.0958014,same,0.0185894,0.0159435,0.461001,same,0.013234,0.0468689,0.128748,same,2.03581,0.0417001,0.686942,same
cop20k_A_mtx_k6_cores25_chunks5_cpus5,25,121192x121192,121192x6,0.396174,0.129425,0.0166064,0.0144012,0.0993111,same,0.0180494,0.0153568,0.465221,same,0.0164069,0.0472325,0.131562,same,2.0882,0.041775,0.697765,same
cop20k_A_mtx_k6_cores26_chunks2_cpus13,26,121192x121192,121192x6,0.400312,0.130878,0.0163059,0.0137904,0.097958,same,0.0175256,0.0148159,0.466008,same,0.0127378,0.046004,0.130709,same,2.06714,0.0400871,0.742755,same
cop20k_A_mtx_k6_cores27_chunks3_cpus9,27,121192x121192,121192x6,0.370253,0.138449,0.0139223,0.0124502,0.0887937,same,0.016236,0.0137314,0.445194,same,0.0114351,0.0424963,0.119697,same,1.90835,0.0375144,0.638333,same
cop20k_A_mtx_k6_cores28_chunks2_cpus14,28,121192x121192,121192x6,0.403435,0.136433,0.018277,0.013523,0.103321,same,0.0168221,0.014145,0.476096,same,0.0125769,0.0455453,0.126907,same,2.09617,0.0390359,0.713787,same
cop20k_A_mtx_k6_cores28_chunks4_cpus7,28,121192x121192,121192x6,0.398784,0.134764,0.0141349,0.0136581,0.09522,same,0.0168947,0.0142375,0.480515,same,0.012962,0.0452786,0.130206,same,2.04248,0.0377843,0.743539,same
cop20k_A_mtx_k6_cores2_chunks1_cpus2,2,121192x121192,121192x6,0.326416,0.0938555,0.00752817,0.115889,0.178832,same,0.00525865,0.158,0.215471,same,0.0229563,0.120721,0.183739,same,2.98503,0.286996,0.54417,same
cop20k_A_mtx_k6_cores30_chunks2_cpus15,30,121192x121192,121192x6,0.41142,0.139147,0.0143703,0.0127295,0.0973259,same,0.0165997,0.0138399,0.501469,same,0.0150816,0.0464756,0.133388,same,2.11231,0.0384237,0.744057,same
cop20k_A_mtx_k6_cores30_chunks3_cpus10,30,121192x121192,121192x6,0.373951,0.13637,0.0130319,0.0113072,0.0894281,same,0.0148153,0.0123503,0.444202,same,0.0113028,0.0433412,0.123559,same,1.9086,0.0335338,0.707137,same
cop20k_A_mtx_k6_cores30_chunks5_cpus6,30,121192x121192,121192x6,0.370362,0.135444,0.0131623,0.0113421,0.087883,same,0.0146994,0.0121335,0.43549,same,0.011054,0.0433488,0.122242,same,1.91796,0.0357443,0.667724,same
cop20k_A_mtx_k6_cores30_chunks6_cpus5,30,121192x121192,121192x6,0.41159,0.139834,0.0149022,0.0127048,0.097926,same,0.0166264,0.0138688,0.496796,same,0.0149337,0.0464039,0.128158,same,2.11699,0.0361141,0.716586,same
cop20k_A_mtx_k6_cores32_chunks2_cpus16,32,121192x121192,121192x6,0.411265,0.136987,0.014264,0.0121579,0.0965023,same,0.0154651,0.0127015,0.492955,same,0.0138375,0.0455317,0.132811,same,2.08588,0.0353218,0.744797,same
cop20k_A_mtx_k6_cores32_chunks4_cpus8,32,121192x121192,121192x6,0.411959,0.13627,0.0136917,0.012124,0.0962555,same,0.0154115,0.0126622,0.491501,same,0.0161077,0.0453684,0.133481,same,2.08897,0.0362799,0.934038,same
cop20k_A_mtx_k6_cores33_chunks3_cpus11,33,121192x121192,121192x6,0.385782,0.141865,0.0127759,0.0107253,0.0887356,same,0.0139195,0.0113741,0.455924,same,0.0107267,0.0434141,0.123098,same,1.94321,0.0314891,0.667593,same
cop20k_A_mtx_k6_cores36_chunks3_cpus12,36,121192x121192,121192x6,0.383745,0.147321,0.0121585,0.010293,0.0873554,same,0.0130175,0.0104212,0.456684,same,0.0112649,0.0441908,0.123327,same,1.95905,0.0305301,0.665589,same
cop20k_A_mtx_k6_cores36_chunks4_cpus9,36,121192x121192,121192x6,0.371532,0.132037,0.0118798,0.00953204,0.084205,same,0.0122301,0.00978762,0.424511,same,0.0100678,0.0415715,0.123304,same,1.86069,0.0288666,0.643359,same
cop20k_A_mtx_k6_cores36_chunks6_cpus6,36,121192x121192,121192x6,0.383779,0.149036,0.0118888,0.0104414,0.0879238,same,0.0134236,0.0107189,0.466268,same,0.0124246,0.0436611,0.122912,same,1.92116,0.0320393,0.688614,same
cop20k_A_mtx_k6_cores39_chunks3_cpus13,39,121192x121192,121192x6,0.397043,0.15549,0.0114008,0.0100798,0.0892494,same,0.0124908,0.00980645,0.468166,same,0.0121242,0.0427776,0.126371,same,2.01951,0.0294021,0.69216,same
cop20k_A_mtx_k6_cores3_chunks1_cpus3,3,121192x121192,121192x6,0.332264,0.0981995,0.0141828,0.0799714,0.150231,same,0.0122773,0.118408,0.186047,same,0.0140733,0.0910482,0.158869,same,2.62062,0.202776,0.567328,same
cop20k_A_mtx_k6_cores40_chunks4_cpus10,40,121192x121192,121192x6,0.372119,0.135256,0.0109071,0.0089725,0.0828984,same,0.0118811,0.0094155,0.458076,same,0.0107116,0.0412522,0.117245,same,1.8439,0.0285307,0.652099,same
cop20k_A_mtx_k6_cores42_chunks3_cpus14,42,121192x121192,121192x6,0.397719,0.159953,0.0106291,0.00960137,0.088112,same,0.0121991,0.00954566,0.486434,same,0.0136228,0.0430035,0.126099,same,1.98421,0.0299734,0.716996,same
cop20k_A_mtx_k6_cores42_chunks6_cpus7,42,121192x121192,121192x6,0.39726,0.1618,0.0108848,0.00964301,0.0887356,same,0.0120124,0.0092032,0.473348,same,0.014079,0.0432313,0.126525,same,1.96919,0.030145,0.737771,same
cop20k_A_mtx_k6_cores44_chunks4_cpus11,44,121192x121192,121192x6,0.387839,0.143225,0.0102295,0.00846492,0.0839727,same,0.0107747,0.00831993,0.450973,same,0.01201,0.0420142,0.124208,same,1.88943,0.02754,0.66899,same
cop20k_A_mtx_k6_cores45_chunks3_cpus15,45,121192x121192,121192x6,0.411877,0.172498,0.0105719,0.00944281,0.0899053,same,0.0119925,0.00923073,0.50608,same,0.014929,0.0444117,0.130255,same,2.01777,0.0274466,0.727561,same
cop20k_A_mtx_k6_cores45_chunks5_cpus9,45,121192x121192,121192x6,0.371771,0.161505,0.00913998,0.00808972,0.0803936,same,0.0110118,0.00858528,0.471465,same,0.0121335,0.0413623,0.116821,same,1.80892,0.0251246,0.636503,same
cop20k_A_mtx_k6_cores48_chunks3_cpus16,48,121192x121192,121192x6,0.512446,0.167986,0.010097,0.00909809,0.0892861,same,0.0111904,0.00844435,0.496366,same,0.0152111,0.0438449,0.130405,same,1.99759,0.0274727,0.804204,same
cop20k_A_mtx_k6_cores48_chunks4_cpus12,48,121192x121192,121192x6,0.385451,0.157432,0.0097302,0.00821234,0.0833185,same,0.0105359,0.00795029,0.466988,same,0.0119865,0.0419263,0.120521,same,1.86368,0.0263695,0.67074,same
cop20k_A_mtx_k6_cores48_chunks6_cpus8,48,121192x121192,121192x6,0.410592,0.165537,0.0103529,0.00904014,0.0897377,same,0.0111309,0.00831901,0.490915,same,0.0145761,0.043895,0.13105,same,2.00185,0.0280964,0.744834,same
cop20k_A_mtx_k6_cores4_chunks1_cpus4,4,121192x121192,121192x6,0.327761,0.0973375,0.0311664,0.0602681,0.146898,same,0.0295542,0.0892455,0.226203,same,0.0118146,0.0758853,0.142932,same,2.4335,0.156654,0.576359,same
cop20k_A_mtx_k6_cores4_chunks2_cpus2,4,121192x121192,121192x6,0.332281,0.0983807,0.0320516,0.0605128,0.147965,same,0.0295582,0.0893407,0.22659,same,0.0118272,0.0758998,0.142704,same,2.40393,0.154385,0.556729,same
cop20k_A_mtx_k6_cores50_chunks5_cpus10,50,121192x121192,121192x6,0.372323,0.145699,0.00855239,0.00752401,0.0800832,same,0.0100956,0.00746599,0.455519,same,0.0109118,0.0404199,0.116221,same,1.79342,0.0217486,0.674879,same
cop20k_A_mtx_k6_cores52_chunks4_cpus13,52,121192x121192,121192x6,0.398324,0.157113,0.00953532,0.00792169,0.0860984,same,0.0101322,0.00743494,0.476117,same,0.0117725,0.041458,0.125034,same,1.93678,0.0265722,0.70275,same
cop20k_A_mtx_k6_cores54_chunks6_cpus9,54,121192x121192,121192x6,0.373245,0.146625,0.00909178,0.00692367,0.0793678,same,0.00916505,0.00665267,0.437185,same,0.00976799,0.040033,0.121372,same,1.7789,0.0247049,0.664624,same
cop20k_A_mtx_k6_cores55_chunks5_cpus11,55,121192x121192,121192x6,0.3854,0.146259,0.00887922,0.0072058,0.0825985,same,0.00947537,0.00687706,0.464657,same,0.0103941,0.0407408,0.120238,same,1.84457,0.0236383,0.665575,same
cop20k_A_mtx_k6_cores56_chunks4_cpus14,56,121192x121192,121192x6,0.400263,0.161719,0.00884818,0.00766191,0.0842797,same,0.00978277,0.00711189,0.490272,same,0.0147269,0.0416291,0.123961,same,1.94128,0.0240813,0.696752,same
cop20k_A_mtx_k6_cores5_chunks1_cpus5,5,121192x121192,121192x6,0.347034,0.103131,0.0464338,0.0506228,0.15619,same,0.0127964,0.0781725,0.173225,same,0.0111428,0.0705551,0.143424,same,2.41211,0.138674,0.591701,same
cop20k_A_mtx_k6_cores60_chunks4_cpus15,60,121192x121192,121192x6,0.410202,0.167529,0.00904246,0.00761204,0.0872138,same,0.00981965,0.00692715,0.510934,same,0.0151718,0.0429181,0.129529,same,1.96625,0.0241709,0.745596,same
cop20k_A_mtx_k6_cores60_chunks5_cpus12,60,121192x121192,121192x6,0.387259,0.149537,0.00800894,0.00708793,0.0812399,same,0.00899948,0.00643033,0.474611,same,0.0119742,0.0411483,0.12041,same,1.83834,0.0201046,0.672156,same
cop20k_A_mtx_k6_cores60_chunks6_cpus10,60,121192x121192,121192x6,0.370821,0.161456,0.00816055,0.00657707,0.0775955,same,0.00861417,0.00617284,0.456843,same,0.0107511,0.039616,0.115309,same,1.75633,0.0213048,0.644325,same
cop20k_A_mtx_k6_cores64_chunks4_cpus16,64,121192x121192,121192x6,0.410792,0.323908,0.0126371,0.00730394,0.0949379,same,0.00906924,0.00635604,0.500607,same,0.0136321,0.0411385,0.126615,same,1.96395,0.0235592,0.717302,same
cop20k_A_mtx_k6_cores65_chunks5_cpus13,65,121192x121192,121192x6,0.400067,0.31333,0.0131196,0.00668255,0.0930442,same,0.00856484,0.00587288,0.473966,same,0.0194659,0.0388116,0.122991,same,1.89535,0.0210124,0.710325,same
cop20k_A_mtx_k6_cores66_chunks6_cpus11,66,121192x121192,121192x6,0.384906,0.302182,0.0122276,0.00628995,0.0906915,same,0.00810787,0.00554046,0.453571,same,0.0189428,0.0373895,0.118203,same,1.81686,0.0215827,0.67028,same
cop20k_A_mtx_k6_cores6_chunks1_cpus6,6,121192x121192,121192x6,0.349435,0.103219,0.0487323,0.0438087,0.15451,same,0.00459569,0.0705513,0.134561,same,0.0109822,0.0652587,0.134997,same,2.34977,0.124845,0.595395,same
cop20k_A_mtx_k6_cores6_chunks2_cpus3,6,121192x121192,121192x6,0.349851,0.109085,0.0477816,0.0493025,0.161864,same,0.00265505,0.0761577,0.144024,same,0.0143159,0.071921,0.13761,same,2.46266,0.120508,0.596421,same
cop20k_A_mtx_k6_cores6_chunks3_cpus2,6,121192x121192,121192x6,0.348806,0.103605,0.0478209,0.0438737,0.150995,same,0.00388453,0.0707818,0.134017,same,0.0110538,0.0656476,0.135231,same,2.34599,0.1234,0.587713,same
cop20k_A_mtx_k6_cores70_chunks5_cpus14,70,121192x121192,121192x6,0.401369,0.327738,0.0128554,0.0064975,0.0937392,same,0.00840698,0.0056473,0.488279,same,0.0122554,0.0391964,0.122988,same,1.88645,0.0199266,0.710942,same
cop20k_A_mtx_k6_cores72_chunks6_cpus12,72,121192x121192,121192x6,0.384336,0.329721,0.0117338,0.00607819,0.0895868,same,0.00802219,0.00532919,0.473122,same,0.0116114,0.0377288,0.117049,same,1.83062,0.018964,0.667309,same
cop20k_A_mtx_k6_cores75_chunks5_cpus15,75,121192x121192,121192x6,0.411856,0.358251,0.0131953,0.00647168,0.0949958,same,0.00814539,0.00541864,0.50383,same,0.0138205,0.0404915,0.126662,same,1.9596,0.0212824,0.740322,same
cop20k_A_mtx_k6_cores78_chunks6_cpus13,78,121192x121192,121192x6,0.399538,0.344377,0.0124319,0.0059045,0.0937938,same,0.00760964,0.00491717,0.479144,same,0.019516,0.03813,0.122613,same,1.89967,0.0214439,0.704048,same
cop20k_A_mtx_k6_cores7_chunks1_cpus7,7,121192x121192,121192x6,0.358913,0.107394,0.0436957,0.0388578,0.143457,same,0.0538911,0.0516344,0.424227,same,0.0102459,0.0642111,0.136989,same,2.304,0.111094,0.613624,same
cop20k_A_mtx_k6_cores80_chunks5_cpus16,80,121192x121192,121192x6,0.411213,0.364724,0.0128795,0.00628174,0.0964735,same,0.00778179,0.00508394,0.50623,same,0.0133194,0.040238,0.127646,same,1.95455,0.0213216,0.730686,same
cop20k_A_mtx_k6_cores84_chunks6_cpus14,84,121192x121192,121192x6,0.398755,0.360365,0.00918967,0.00570565,0.0839738,same,0.00737867,0.00469964,0.488918,same,0.0218889,0.0389109,0.118979,same,1.88325,0.0169364,0.693835,same
cop20k_A_mtx_k6_cores8_chunks1_cpus8,8,121192x121192,121192x6,0.358394,0.108165,0.0375229,0.0349529,0.133916,same,0.0475687,0.0450851,0.426108,same,0.0107928,0.0611285,0.131316,same,2.2189,0.102539,0.635869,same
cop20k_A_mtx_k6_cores8_chunks2_cpus4,8,121192x121192,121192x6,0.361256,0.107736,0.0374026,0.0349659,0.133042,same,0.0496229,0.0471119,0.445024,same,0.0105951,0.0616042,0.137556,same,2.31093,0.111016,0.710901,same
cop20k_A_mtx_k6_cores8_chunks4_cpus2,8,121192x121192,121192x6,0.361267,0.107208,0.0379025,0.0349711,0.133498,same,0.0488112,0.0463262,0.435319,same,0.01055,0.0610264,0.131147,same,2.21594,0.0997657,0.63811,same
cop20k_A_mtx_k6_cores90_chunks6_cpus15,90,121192x121192,121192x6,0.410884,0.394943,0.0131113,0.00573991,0.0954997,same,0.00731826,0.00456984,0.5137,same,0.0134514,0.0400442,0.126077,same,1.94028,0.0190349,0.746963,same
cop20k_A_mtx_k6_cores96_chunks6_cpus16,96,121192x121192,121192x6,0.411335,0.405704,0.0125452,0.00560291,0.0954217,same,0.00690032,0.00416743,0.504363,same,0.0139675,0.039669,0.125708,same,1.9387,0.0151051,0.744665,same
cop20k_A_mtx_k6_cores9_chunks1_cpus9,9,121192x121192,121192x6,0.374332,0.112207,0.0366659,0.0323327,0.134479,same,0.0430128,0.0403777,0.431525,same,0.0102175,0.0595004,0.134565,same,2.281,0.0935139,0.660356,same
cop20k_A_mtx_k6_cores9_chunks3_cpus3,9,121192x121192,121192x6,0.373359,0.110874,0.0360488,0.0319951,0.130936,same,0.0425517,0.0397938,0.429971,same,0.00993531,0.060727,0.139876,same,2.27055,0.0936894,0.685075,same
cop20k_A_mtx_k9_cores10_chunks1_cpus10,10,121192x121192,121192x9,0.550401,0.121159,0.0523333,0.0428383,0.16542,same,0.0621052,0.0585654,0.658747,same,0.0135362,0.0663013,0.150494,same,2.48341,0.120064,0.985972,same
cop20k_A_mtx_k9_cores10_chunks2_cpus5,10,121192x121192,121192x9,0.551725,0.120939,0.0461581,0.0417065,0.153468,same,0.0615483,0.0580413,0.651132,same,0.0136669,0.0671724,0.148558,same,2.41975,0.119429,0.96577,same
cop20k_A_mtx_k9_cores10_chunks5_cpus2,10,121192x121192,121192x9,0.549108,0.125807,0.0453892,0.041483,0.152264,same,0.0624905,0.0589874,0.661067,same,0.0142465,0.0673809,0.14845,same,2.41262,0.117914,0.940098,same
cop20k_A_mtx_k9_cores11_chunks1_cpus11,11,121192x121192,121192x9,0.570038,0.129066,0.0501837,0.0387503,0.16184,same,0.0555938,0.0518022,0.646042,same,0.0142517,0.065168,0.152319,same,2.55962,0.115044,1.09951,same
cop20k_A_mtx_k9_cores12_chunks1_cpus12,12,121192x121192,121192x9,0.593803,0.128571,0.0449206,0.0366534,0.153942,same,0.0536759,0.0499679,0.677258,same,0.0153429,0.063992,0.150637,same,2.49785,0.105093,1.01295,same
cop20k_A_mtx_k9_cores12_chunks2_cpus6,12,121192x121192,121192x9,0.598598,0.125024,0.0448591,0.0364268,0.154887,same,0.0542328,0.0505566,0.68517,same,0.0156434,0.0632236,0.149272,same,2.49674,0.103177,1.07441,same
cop20k_A_mtx_k9_cores12_chunks3_cpus4,12,121192x121192,121192x9,0.570971,0.127832,0.0442466,0.0366475,0.153198,same,0.0537465,0.0500336,0.677718,same,0.0162601,0.0631146,0.148412,same,2.5379,0.10689,1.00625,same
cop20k_A_mtx_k9_cores12_chunks4_cpus3,12,121192x121192,121192x9,0.570518,0.12679,0.0451936,0.0368746,0.154175,same,0.0534632,0.0496632,0.673338,same,0.0164218,0.0650597,0.149357,same,2.567,0.106373,0.981316,same
cop20k_A_mtx_k9_cores12_chunks6_cpus2,12,121192x121192,121192x9,0.569579,0.12926,0.0436811,0.0366614,0.152801,same,0.0535516,0.0497163,0.673693,same,0.0149416,0.0631366,0.147977,same,2.51688,0.103916,0.998607,same
cop20k_A_mtx_k9_cores13_chunks1_cpus13,13,121192x121192,121192x9,0.592178,0.130201,0.0444645,0.0346975,0.153878,same,0.0494922,0.0454115,0.672558,same,0.0141537,0.0625706,0.152929,same,2.55891,0.102417,1.05113,same
cop20k_A_mtx_k9_cores14_chunks1_cpus14,14,121192x121192,121192x9,0.594073,0.13082,0.0411121,0.0331235,0.152314,same,0.0490434,0.0448618,0.710294,same,0.0147358,0.0632121,0.151062,same,2.52976,0.0932307,1.04944,same
cop20k_A_mtx_k9_cores14_chunks2_cpus7,14,121192x121192,121192x9,0.592624,0.130148,0.0413475,0.0330261,0.15011,same,0.0474449,0.0434638,0.689549,same,0.014328,0.0626091,0.150667,same,2.56568,0.0953909,1.05064,same
cop20k_A_mtx_k9_cores15_chunks1_cpus15,15,121192x121192,121192x9,0.615367,0.135272,0.0384489,0.031926,0.148618,same,0.046014,0.0420313,0.715064,same,0.0158881,0.0636627,0.154311,same,2.56246,0.0944317,1.0864,same
cop20k_A_mtx_k9_cores15_chunks3_cpus5,15,121192x121192,121192x9,0.616142,0.135646,0.0382342,0.0321274,0.1485,same,0.0464445,0.0424326,0.720775,same,0.0167197,0.0624625,0.154636,same,2.568,0.0941849,1.06872,same
cop20k_A_mtx_k9_cores15_chunks5_cpus3,15,121192x121192,121192x9,0.615498,0.134848,0.0380269,0.0321897,0.14918,same,0.0469041,0.0428377,0.726794,same,0.0155517,0.0643311,0.154038,same,2.91634,0.0930219,1.08439,same
cop20k_A_mtx_k9_cores16_chunks1_cpus16,16,121192x121192,121192x9,0.615984,0.145994,0.0362274,0.0303723,0.144319,same,0.0441798,0.0399604,0.723907,same,0.0149304,0.0631487,0.152788,same,2.6647,0.0893453,1.09092,same
cop20k_A_mtx_k9_cores16_chunks2_cpus8,16,121192x121192,121192x9,0.615737,0.13433,0.0361656,0.0303445,0.14491,same,0.043399,0.039385,0.715029,same,0.016707,0.0617355,0.152346,same,2.53601,0.0872394,1.04846,same
cop20k_A_mtx_k9_cores16_chunks4_cpus4,16,121192x121192,121192x9,0.615403,0.134596,0.0357793,0.0303092,0.144311,same,0.0433887,0.0393462,0.714147,same,0.0160352,0.0622081,0.152543,same,2.52502,0.0870479,1.0607,same
cop20k_A_mtx_k9_cores18_chunks2_cpus9,18,121192x121192,121192x9,0.551713,0.143156,0.0285059,0.0239147,0.118131,same,0.0345848,0.0309783,0.638699,same,0.016891,0.0532335,0.13797,same,2.23508,0.0726708,0.973237,same
cop20k_A_mtx_k9_cores18_chunks3_cpus6,18,121192x121192,121192x9,0.549357,0.142465,0.0280394,0.0240972,0.119047,same,0.0346945,0.0309689,0.638218,same,0.0171419,0.0528973,0.138028,same,2.22851,0.0729463,0.966001,same
cop20k_A_mtx_k9_cores18_chunks6_cpus3,18,121192x121192,121192x9,0.55101,0.138932,0.0287455,0.0234923,0.1182,same,0.0350334,0.0312972,0.641812,same,0.0166261,0.0534381,0.137344,same,2.23631,0.0720753,0.946223,same
cop20k_A_mtx_k9_cores20_chunks2_cpus10,20,121192x121192,121192x9,0.55138,0.148056,0.0251041,0.0220715,0.113106,same,0.0330457,0.0293885,0.66699,same,0.016939,0.0515687,0.135301,same,2.17862,0.0645731,0.945986,same
cop20k_A_mtx_k9_cores20_chunks4_cpus5,20,121192x121192,121192x9,0.549478,0.143579,0.0251484,0.0221829,0.113824,same,0.0326574,0.0288972,0.657267,same,0.0239606,0.0529184,0.139737,same,2.18308,0.0684599,0.967706,same
cop20k_A_mtx_k9_cores20_chunks5_cpus4,20,121192x121192,121192x9,0.556214,0.148456,0.0265243,0.0226202,0.117996,same,0.0330576,0.02921,0.665472,same,0.0164164,0.0516707,0.136244,same,2.19029,0.0658101,0.950278,same
cop20k_A_mtx_k9_cores22_chunks2_cpus11,22,121192x121192,121192x9,0.572601,0.134872,0.0248757,0.0205116,0.113443,same,0.0300892,0.026371,0.660857,same,0.0222452,0.0503503,0.139083,same,2.19826,0.0627882,0.996369,same
cop20k_A_mtx_k9_cores24_chunks2_cpus12,24,121192x121192,121192x9,0.572385,0.132251,0.0236114,0.0194662,0.112414,same,0.0283466,0.0245053,0.67215,same,0.0189435,0.0513314,0.13834,same,2.1896,0.0581452,1.04216,same
cop20k_A_mtx_k9_cores24_chunks3_cpus8,24,121192x121192,121192x9,0.573617,0.136818,0.0270894,0.0196569,0.119753,same,0.0306149,0.0267837,0.722589,same,0.0247645,0.0513443,0.142732,same,2.16969,0.058518,0.984641,same
cop20k_A_mtx_k9_cores24_chunks4_cpus6,24,121192x121192,121192x9,0.573861,0.13021,0.0235835,0.0193093,0.111481,same,0.0284699,0.0246515,0.675257,same,0.0232532,0.0504179,0.138623,same,2.18378,0.0588978,1.01482,same
cop20k_A_mtx_k9_cores24_chunks6_cpus4,24,121192x121192,121192x9,0.570878,0.131171,0.0235342,0.019326,0.11178,same,0.0285136,0.0247353,0.677777,same,0.0257561,0.051041,0.142647,same,2.18881,0.0576321,0.980424,same
cop20k_A_mtx_k9_cores25_chunks5_cpus5,25,121192x121192,121192x9,0.59142,0.133542,0.0243969,0.0189004,0.114748,same,0.0278582,0.0238468,0.680728,same,0.0232678,0.0510242,0.142328,same,2.25233,0.0574675,1.01995,same
cop20k_A_mtx_k9_cores26_chunks2_cpus13,26,121192x121192,121192x9,0.591812,0.136967,0.0238818,0.0185585,0.118792,same,0.0284573,0.0229585,0.680962,same,0.0234101,0.0498513,0.142565,same,2.23908,0.0567697,1.11714,same
cop20k_A_mtx_k9_cores27_chunks3_cpus9,27,121192x121192,121192x9,0.547565,0.140231,0.0204767,0.0164634,0.102384,same,0.0249466,0.0210847,0.652837,same,0.0150906,0.0482292,0.131568,same,2.04838,0.0522905,1.04321,same
cop20k_A_mtx_k9_cores28_chunks2_cpus14,28,121192x121192,121192x9,0.59035,0.134691,0.0213721,0.0176884,0.110463,same,0.0259232,0.0218857,0.700479,same,0.0207501,0.0500071,0.141859,same,2.21517,0.0542391,1.05319,same
cop20k_A_mtx_k9_cores28_chunks4_cpus7,28,121192x121192,121192x9,0.592426,0.135837,0.0219894,0.0177047,0.11811,same,0.0267861,0.0217799,0.698148,same,0.0201853,0.0508216,0.141403,same,2.22531,0.0519464,1.03756,same
cop20k_A_mtx_k9_cores2_chunks1_cpus2,2,121192x121192,121192x9,0.485246,0.101802,0.0102048,0.164515,0.234219,same,0.0318832,0.248665,0.339403,same,0.0307555,0.155645,0.231086,same,3.17495,0.411523,0.881902,same
cop20k_A_mtx_k9_cores30_chunks2_cpus15,30,121192x121192,121192x9,0.613631,0.146079,0.0227428,0.0174983,0.118667,same,0.0257226,0.0217482,0.740125,same,0.0188412,0.0514273,0.141854,same,2.27626,0.050881,1.05983,same
cop20k_A_mtx_k9_cores30_chunks3_cpus10,30,121192x121192,121192x9,0.550919,0.148886,0.0182539,0.0157987,0.100133,same,0.0228764,0.0191407,0.656189,same,0.0173293,0.0458568,0.130207,same,2.03366,0.0475374,0.947397,same
cop20k_A_mtx_k9_cores30_chunks5_cpus6,30,121192x121192,121192x9,0.549703,0.157193,0.0175256,0.0157763,0.0988816,same,0.0231388,0.0194444,0.665277,same,0.0156997,0.0464995,0.129898,same,2.03683,0.0487797,0.949136,same
cop20k_A_mtx_k9_cores30_chunks6_cpus5,30,121192x121192,121192x9,0.550394,0.150086,0.0173917,0.0159476,0.0989274,same,0.022829,0.0191407,0.654953,same,0.0153035,0.0466879,0.129213,same,2.0321,0.0478701,1.04524,same
cop20k_A_mtx_k9_cores32_chunks2_cpus16,32,121192x121192,121192x9,0.611624,0.145758,0.0255619,0.0168665,0.121386,same,0.0239751,0.0200027,0.728866,same,0.0196956,0.0504181,0.142287,same,2.28352,0.0489164,1.06021,same
cop20k_A_mtx_k9_cores32_chunks4_cpus8,32,121192x121192,121192x9,0.616515,0.146452,0.0224873,0.0166714,0.117632,same,0.0238753,0.0198913,0.724855,same,0.0220061,0.0505305,0.141337,same,2.26342,0.0497275,1.06296,same
cop20k_A_mtx_k9_cores33_chunks3_cpus11,33,121192x121192,121192x9,0.568651,0.151118,0.0178216,0.014348,0.100885,same,0.0215761,0.0176371,0.669117,same,0.0176922,0.0461569,0.133956,same,2.10014,0.0460332,0.992789,same
cop20k_A_mtx_k9_cores36_chunks3_cpus12,36,121192x121192,121192x9,0.571074,0.158578,0.0165179,0.0136184,0.0981642,same,0.0203929,0.0165141,0.683554,same,0.0237294,0.0466105,0.134023,same,2.0775,0.0419851,0.980806,same
cop20k_A_mtx_k9_cores36_chunks4_cpus9,36,121192x121192,121192x9,0.550593,0.145592,0.015453,0.0131732,0.094139,same,0.0191889,0.0155563,0.643558,same,0.0132554,0.0448878,0.126347,same,2.01527,0.0410245,0.973341,same
cop20k_A_mtx_k9_cores36_chunks6_cpus6,36,121192x121192,121192x9,0.570462,0.158193,0.0166526,0.0136823,0.0990726,same,0.0206062,0.016756,0.689183,same,0.0221725,0.0469782,0.135444,same,2.06948,0.0414495,0.984978,same
cop20k_A_mtx_k9_cores39_chunks3_cpus13,39,121192x121192,121192x9,0.592993,0.16061,0.0170262,0.0132281,0.109255,same,0.0193994,0.0151432,0.678866,same,0.0231675,0.0465704,0.139876,same,2.14474,0.0412217,1.06988,same
cop20k_A_mtx_k9_cores3_chunks1_cpus3,3,121192x121192,121192x9,0.486121,0.102217,0.0197626,0.113314,0.190597,same,0.0140155,0.180057,0.25131,same,0.0171429,0.11817,0.189998,same,2.72674,0.296719,0.831732,same
cop20k_A_mtx_k9_cores40_chunks4_cpus10,40,121192x121192,121192x9,0.549614,0.149164,0.0145136,0.0123515,0.092251,same,0.0181591,0.0144442,0.66141,same,0.0154552,0.044349,0.126217,same,1.98718,0.0403024,0.974267,same
cop20k_A_mtx_k9_cores42_chunks3_cpus14,42,121192x121192,121192x9,0.59072,0.171584,0.0152826,0.0127973,0.10569,same,0.019925,0.0145145,0.699241,same,0.0197133,0.0462209,0.137361,same,2.13262,0.0381439,1.1356,same
cop20k_A_mtx_k9_cores42_chunks6_cpus7,42,121192x121192,121192x9,0.591359,0.168712,0.0147644,0.0128817,0.101322,same,0.0205237,0.0147167,0.70902,same,0.0261942,0.0467019,0.140575,same,2.13468,0.0364745,1.05258,same
cop20k_A_mtx_k9_cores44_chunks4_cpus11,44,121192x121192,121192x9,0.572792,0.151039,0.0137745,0.0113258,0.0939084,same,0.017293,0.0133919,0.679698,same,0.016029,0.0443153,0.13133,same,2.03702,0.0351577,1.01427,same
cop20k_A_mtx_k9_cores45_chunks3_cpus15,45,121192x121192,121192x9,0.616566,0.180882,0.0196617,0.0125211,0.110457,same,0.0182627,0.0139834,0.724659,same,0.02593,0.047681,0.143715,same,2.18683,0.0379689,1.07008,same
cop20k_A_mtx_k9_cores45_chunks5_cpus9,45,121192x121192,121192x9,0.551259,0.165871,0.0136194,0.0106422,0.0901788,same,0.0163872,0.0126956,0.65911,same,0.017223,0.0436236,0.126388,same,1.95545,0.0366396,0.960818,same
cop20k_A_mtx_k9_cores48_chunks3_cpus16,48,121192x121192,121192x9,0.612367,0.180077,0.018662,0.0121049,0.109251,same,0.0172747,0.0132069,0.730492,same,0.026142,0.0464226,0.142691,same,2.2032,0.190023,1.07432,same
cop20k_A_mtx_k9_cores48_chunks4_cpus12,48,121192x121192,121192x9,0.5714,0.167479,0.0133928,0.0108144,0.0927902,same,0.016156,0.0123397,0.685084,same,0.022986,0.0447033,0.129788,same,2.00739,0.0340973,1.00556,same
cop20k_A_mtx_k9_cores48_chunks6_cpus8,48,121192x121192,121192x9,0.611113,0.182229,0.0188838,0.0121677,0.109113,same,0.0172701,0.0132277,0.731554,same,0.0224043,0.04662,0.139396,same,2.15849,0.0356403,1.08837,same
cop20k_A_mtx_k9_cores4_chunks1_cpus4,4,121192x121192,121192x9,0.485164,0.104111,0.0436879,0.0844161,0.185525,same,0.0187091,0.141207,0.245211,same,0.0171107,0.0973581,0.17694,same,2.52884,0.228314,0.816088,same
cop20k_A_mtx_k9_cores4_chunks2_cpus2,4,121192x121192,121192x9,0.486563,0.10346,0.0435857,0.0844857,0.18548,same,0.016172,0.13964,0.236525,same,0.015589,0.0968136,0.169347,same,2.54763,0.230773,0.838504,same
cop20k_A_mtx_k9_cores50_chunks5_cpus10,50,121192x121192,121192x9,0.550802,0.166075,0.0123329,0.0102068,0.0882027,same,0.0151778,0.0115421,0.665942,same,0.021459,0.0430296,0.127734,same,1.92597,0.0319908,0.950905,same
cop20k_A_mtx_k9_cores52_chunks4_cpus13,52,121192x121192,121192x9,0.58946,0.161606,0.0128282,0.0105697,0.0943958,same,0.017218,0.0113861,0.688491,same,0.0166721,0.0448834,0.134717,same,2.0617,0.0335419,1.02946,same
cop20k_A_mtx_k9_cores54_chunks6_cpus9,54,121192x121192,121192x9,0.55353,0.164663,0.0129599,0.00925368,0.0886376,same,0.0142836,0.0103617,0.650183,same,0.0194998,0.0420682,0.125611,same,1.91538,0.0297383,0.979137,same
cop20k_A_mtx_k9_cores55_chunks5_cpus11,55,121192x121192,121192x9,0.570514,0.152399,0.0126159,0.00951569,0.0907464,same,0.0144154,0.0105225,0.673388,same,0.0164194,0.0434101,0.132055,same,1.97895,0.0310796,1.0615,same
cop20k_A_mtx_k9_cores56_chunks4_cpus14,56,121192x121192,121192x9,0.593206,0.17709,0.0118578,0.0106069,0.101227,same,0.0148331,0.0108354,0.7,same,0.024647,0.0448142,0.137281,same,2.07706,0.0304618,1.02351,same
cop20k_A_mtx_k9_cores5_chunks1_cpus5,5,121192x121192,121192x9,0.515657,0.110898,0.0645789,0.0709012,0.196425,same,0.0483016,0.113294,0.351153,same,0.0149102,0.088476,0.168292,same,2.56204,0.209001,0.867027,same
cop20k_A_mtx_k9_cores60_chunks4_cpus15,60,121192x121192,121192x9,0.612212,0.182994,0.0168363,0.0102209,0.105076,same,0.0147107,0.0106277,0.73789,same,0.0196576,0.0443692,0.136523,same,2.12621,0.0302354,1.08616,same
cop20k_A_mtx_k9_cores60_chunks5_cpus12,60,121192x121192,121192x9,0.572602,0.165424,0.0117984,0.0091522,0.0895406,same,0.0138481,0.0100526,0.700129,same,0.0227396,0.043764,0.132792,same,1.97301,0.0305087,0.986857,same
cop20k_A_mtx_k9_cores60_chunks6_cpus10,60,121192x121192,121192x9,0.549873,0.168269,0.010926,0.00870835,0.0856216,same,0.0133918,0.00970723,0.674019,same,0.0162162,0.0418117,0.124216,same,1.91688,0.0306575,0.943659,same
cop20k_A_mtx_k9_cores64_chunks4_cpus16,64,121192x121192,121192x9,0.6175,0.331347,0.0154937,0.0097022,0.103958,same,0.0139825,0.00989382,0.734836,same,0.0376628,0.0438648,0.183802,same,2.20424,0.0283827,1.0695,same
cop20k_A_mtx_k9_cores65_chunks5_cpus13,65,121192x121192,121192x9,0.593413,0.332157,0.0137355,0.00878274,0.097153,same,0.0148741,0.00906031,0.685101,same,0.0246305,0.0420066,0.133379,same,2.0431,0.0297339,1.0865,same
cop20k_A_mtx_k9_cores66_chunks6_cpus11,66,121192x121192,121192x9,0.571917,0.314736,0.0175789,0.00834959,0.0988309,same,0.0125447,0.00877577,0.674797,same,0.0232372,0.0401554,0.127852,same,1.97553,0.0290383,1.01348,same
cop20k_A_mtx_k9_cores6_chunks1_cpus6,6,121192x121192,121192x9,0.516978,0.112902,0.0671084,0.0613695,0.189802,same,0.033797,0.101434,0.311858,same,0.0143286,0.0803124,0.157909,same,2.48693,0.179013,0.932559,same
cop20k_A_mtx_k9_cores6_chunks2_cpus3,6,121192x121192,121192x9,0.517632,0.11005,0.0671415,0.0614039,0.190044,same,0.0340348,0.101935,0.317038,same,0.014507,0.0820474,0.157868,same,2.51208,0.185843,0.9176,same
cop20k_A_mtx_k9_cores6_chunks3_cpus2,6,121192x121192,121192x9,0.516021,0.109851,0.0670928,0.0612085,0.189647,same,0.033362,0.101645,0.315,same,0.0158005,0.082827,0.157005,same,2.49791,0.176172,0.915295,same
cop20k_A_mtx_k9_cores70_chunks5_cpus14,70,121192x121192,121192x9,0.599122,0.334823,0.0153296,0.00854056,0.10063,same,0.0127429,0.00881869,0.716848,same,0.0261744,0.0421008,0.132043,same,2.04455,0.0284995,1.02497,same
cop20k_A_mtx_k9_cores72_chunks6_cpus12,72,121192x121192,121192x9,0.571724,0.333074,0.0165325,0.00791983,0.0977886,same,0.012081,0.00825176,0.690532,same,0.0252814,0.0404257,0.126375,same,1.95876,0.0247999,0.989327,same
cop20k_A_mtx_k9_cores75_chunks5_cpus15,75,121192x121192,121192x9,0.614334,0.361441,0.0150655,0.00855579,0.10253,same,0.0126235,0.00853219,0.745219,same,0.0280385,0.0434271,0.135738,same,2.11948,0.0249442,1.16305,same
cop20k_A_mtx_k9_cores78_chunks6_cpus13,78,121192x121192,121192x9,0.591031,0.352418,0.0167297,0.00774998,0.100152,same,0.0116308,0.00767623,0.701032,same,0.0243247,0.0410055,0.131273,same,2.05348,0.0269729,1.02403,same
cop20k_A_mtx_k9_cores7_chunks1_cpus7,7,121192x121192,121192x9,0.53356,0.114177,0.0615029,0.0542699,0.180033,same,0.023009,0.0953089,0.263512,same,0.0138956,0.0752832,0.156397,same,2.46037,0.162951,0.93666,same
cop20k_A_mtx_k9_cores80_chunks5_cpus16,80,121192x121192,121192x9,0.616503,0.372806,0.0145625,0.0082633,0.102501,same,0.012029,0.00795149,0.741779,same,0.0276606,0.0431635,0.135951,same,2.11133,0.0241488,1.06281,same
cop20k_A_mtx_k9_cores84_chunks6_cpus14,84,121192x121192,121192x9,0.591823,0.386636,0.0121415,0.00754934,0.0925962,same,0.0112915,0.00733363,0.723183,same,0.0275834,0.0414687,0.133917,same,2.03326,0.0224678,1.02805,same
cop20k_A_mtx_k9_cores8_chunks1_cpus8,8,121192x121192,121192x9,0.533403,0.114368,0.0539445,0.0488883,0.166592,same,0.0142929,0.088688,0.212741,same,0.0140676,0.0711741,0.152377,same,2.34447,0.14607,0.927166,same
cop20k_A_mtx_k9_cores8_chunks2_cpus4,8,121192x121192,121192x9,0.534541,0.11469,0.0539709,0.0487125,0.166461,same,0.0100324,0.0888089,0.208089,same,0.0138291,0.072255,0.151888,same,2.36653,0.1415,0.935176,same
cop20k_A_mtx_k9_cores8_chunks4_cpus2,8,121192x121192,121192x9,0.534252,0.114476,0.0533043,0.0485854,0.165923,same,0.0137981,0.0890455,0.216009,same,0.0137045,0.0728323,0.153934,same,2.36751,0.145662,1.00164,same
cop20k_A_mtx_k9_cores90_chunks6_cpus15,90,121192x121192,121192x9,0.614595,0.453672,0.0143133,0.00759685,0.100124,same,0.0131119,0.00710594,0.745177,same,0.0270881,0.0429216,0.135637,same,2.1001,0.0297173,1.05733,same
cop20k_A_mtx_k9_cores96_chunks6_cpus16,96,121192x121192,121192x9,0.614931,0.427376,0.014626,0.00734916,0.1004,same,0.0106774,0.00660033,0.744845,same,0.0333723,0.0432709,0.353973,same,2.10814,0.0216943,1.18146,same
cop20k_A_mtx_k9_cores9_chunks1_cpus9,9,121192x121192,121192x9,0.550704,0.118879,0.0517381,0.044532,0.165547,same,0.0113812,0.0848269,0.169206,same,0.0133133,0.0688419,0.152889,same,2.42585,0.131439,0.949502,same
cop20k_A_mtx_k9_cores9_chunks3_cpus3,9,121192x121192,121192x9,0.552927,0.120464,0.0531773,0.0455869,0.165232,same,0.00592009,0.0846471,0.16295,same,0.0133859,0.0693392,0.152364,same,2.47556,0.134012,1.03037,same
